Workbook

Sheet قطعه 17
B1: ردیف | C1: نام | D1: نام خانوادگی | E1: قطعه | F1: ردیف | G1: شماره | H1: بلوک | I1: ترمیم /تعویض | J1: تعویضی | K1: مرمتی | L1: ارسال به واحد مرمت | M1: سنگ مرمتی آماده | N1: نصب مرمتی شده | O1: ارسال به واحد تعویض | P1: سنگ تعویضی آماده | Q1: تعویضی نصب شده | R1: ملاحظات
B2: 1 | C2: ربابه | D2: خادم اسابقی | E2: 17 | F2: 4 | G2: 56 | I2: ترمیمی | K2: 1 | N2: 1

Sheet قطعه 24
B1: ردیف | C1: نام | D1: نام خانوادگی | E1: قطعه | F1: ردیف | G1: شماره | H1: ترمیم /تعویض | I1: تعویضی | J1: مرمتی | K1: ارسال به واحد مرمت | L1: سنگ مرمتی آماده | M1: نصب مرمتی شده | N1: ارسال به واحد تعویض | O1: سنگ تعویضی آماده | P1: تعویضی نصب شده | Q1: ملاحظات
B2: 1 | C2: ابراهیم | D2: براتعلی | E2: 24 | H2: ترمیمی | J2: 1
B3: 2 | C3: ابراهیم علی | D3: چراغی | E3: 24 | H3: تعویض | I3: 1
B4: 3 | C4: ابوالقاسم | D4: عزیزی | E4: 24 | F4: 43 | G4: 22 | H4: ترمیمی | J4: 1
B5: 4 | C5: احمد | D5: بختیاری | E5: 24 | F5: 68 | G5: 20 | H5: ترمیمی | J5: 1
B6: 5 | C6: احمد | D6: پور احمد | E6: 24 | F6: 61 | G6: 23 | H6: تعویض | I6: 1 | P6: 1
B7: 6 | C7: احمد | D7: حلبحی | E7: 24 | F7: 16 | G7: 10 | H7: تعویض | I7: 1 | N7: 1
B8: 7 | C8: احمد | D8: رحیمی | E8: 24 | F8: 72 | G8: 16 | H8: ترمیمی | J8: 1
B9: 8 | C9: احمد رضا | D9: مبینی | E9: 24 | F9: 62 | G9: 28 | H9: ترمیمی | J9: 1 | M9: 1
B10: 9 | C10: احمد | D10: سبزیکاری | E10: 24 | F10: 72 | G10: 14 | H10: ترمیمی | J10: 1
B11: 10 | C11: احمد | D11: سرباز چهره برقی | E11: 24 | F11: 62 | G11: 13 | H11: تعویض | I11: 1 | P11: 1
B12: 11 | C12: احمد | D12: عربی | E12: 24 | F12: 115 | G12: 12 | H12: ترمیمی | J12: 1
B13: 12 | C13: احمد | D13: فتحی | E13: 24 | F13: 61 | G13: 3 | H13: تعویض | I13: 1 | P13: 1
B14: 13 | C14: اروجعلی | D14: عسگری | E14: 24 | F14: 137 | G14: 27 | H14: ترمیمی | J14: 1 | M14: 1
B15: 14 | C15: اسحابعلی | D15: میری سیاهی | E15: 24 | F15: 18 | G15: 29 | H15: ترمیمی | J15: 1
B16: 15 | C16: اسحاق | D16: یوسف زاده | E16: 24 | F16: 24 | G16: 2 | H16: تعویض | I16: 1 | P16: 1
B17: 16 | C17: اسداله | D17: حجری | E17: 24 | H17: تعویض | I17: 1 | N17: 0
B18: 17 | C18: اسرافیل | D18: مختاری | E18: 24 | F18: 63 | G18: 19 | H18: ترمیمی | J18: 1
B19: 18 | C19: اسماعیل | D19: رحیمی | E19: 24 | F19: 38 | G19: 7 | H19: ترمیمی | J19: 1
B20: 19 | C20: اصغر | D20: حاجی نوروزی | E20: 24 | F20: 31 | G20: 21 | H20: ترمیمی | J20: 1
B21: 20 | C21: اصغر | D21: خانی | E21: 24 | F21: 33 | G21: 29 | H21: تعویض | I21: 1 | O21: 1
B22: 21 | C22: اصغر | D22: علیزاده | E22: 24 | F22: 23 | G22: 31 | H22: ترمیمی | J22: 1
B23: 22 | C23: اصغر | D23: کبریان | E23: 24 | F23: 50 | G23: 12 | H23: تعویض | I23: 1
B24: 23 | C24: اکبر | D24: فخفوری | E24: 24 | F24: 16 | G24: 15 | H24: ترمیمی | J24: 1
B25: 24 | C25: الهه | D25: توتونچی | E25: 24 | F25: 28 | G25: 10 | H25: تعویض | I25: 1 | N25: 0
B26: 25 | C26: امیر حسین | D26: داستانپور | E26: 24 | F26: 121 | G26: 29 | H26: تعویض | I26: 1 | O26: 1
B27: 26 | C27: امیر محمد | D27: رضائی نیکو | E27: 24 | H27: ترمیمی | J27: 1
B28: 27 | C28: امیرحسین | D28: برنده | E28: 24 | F28: 36 | G28: 1م | H28: تعویض | I28: 1 | P28: 1
B29: 29 | C29: بهراد | D29: محرم نژاد | E29: 24 | F29: 61 | G29: 40 | H29: تعویض | I29: 1 | P29: 1
B30: 30 | C30: بهرام | D30: فریدونی بهرامی | E30: 24 | F30: 21 | G30: 16 | H30: ترمیمی | J30: 1
B31: 31 | C31: بهزاد | D31: صدفی | E31: 24 | F31: 23 | G31: 8 | H31: ترمیمی | J31: 1
B32: 32 | C32: بهمن | D32: کلامی | E32: 24 | F32: 19 | G32: 29 | H32: ترمیمی | J32: 1
B33: 33 | C33: بیژن | D33: شعبانی | E33: 24 | F33: 48 | G33: 18 | H33: ترمیمی | J33: 1 | M33: 1
B34: 34 | C34: جعفر | D34: سلطانی | E34: 24 | F34: 54 | G34: 19 | H34: ترمیمی | J34: 1
B35: 35 | C35: جلیل | D35: بنده | E35: 24 | F35: 31 | G35: 4 | H35: ترمیمی | J35: 1
B36: 36 | C36: جمشید | D36: دیانت پور | E36: 24 | F36: 60 | G36: 26 | H36: ترمیمی | J36: 1
B37: 37 | C37: جمشید | D37: قلی زاده | E37: 24 | F37: 73 | G37: 26 | H37: ترمیمی | J37: 1
B38: 38 | C38: جواد | D38: جلالوند | E38: 24 | F38: 29 | G38: 1م | H38: تعویض | I38: 1 | P38: 1
B39: 39 | C39: حاج احمد | D39: علی پور | E39: 24 | F39: 103 | G39: 28 | H39: ترمیمی | J39: 1 | M39: 1
B40: 40 | C40: حاج حسن | D40: پورمند | E40: 24 | F40: 126 | G40: 29 | H40: ترمیمی | J40: 1
B41: 41 | C41: حاج حسین | D41: جوادی اصل | E41: 24 | F41: 35 | G41: 12 | H41: ترمیمی | J41: 1
B42: 42 | C42: حاج خیراله | D42: وقفی خیری | E42: 24 | F42: 8 | G42: 26 | H42: تعویض | I42: 1 | N42: 1
B43: 43 | C43: حاج علی | D43: بهاری | E43: 24 | F43: 23 | G43: 23 | H43: ترمیمی | J43: 1
B44: 44 | C44: حاج فرید | D44: کریمی | E44: 24 | H44: ترمیمی | J44: 1
B45: 45 | C45: حاج محمد | D45: نوبهار | E45: 24 | F45: 15 | G45: 28 | H45: تعویض | I45: 1 | N45: 0
B46: 46 | C46: حاج هدایت اله | D46: هاشمی | E46: 24 | F46: 30 | G46: 3 | H46: تعویض | I46: 1 | P46: 1
B47: 47 | C47: حبیب ا... | D47: شوازی ترک آبادی | E47: 24 | F47: 54 | G47: 9 | H47: تعویض | I47: 1 | P47: 1
B48: 48 | C48: حبیب اله | D48: آذر دوست | E48: 24 | F48: 4 | G48: 2 | H48: تعویض | I48: 1 | P48: 1
B49: 49 | C49: حسن (چنگیز) | D49: دلاور گلابه | E49: 24 | F49: 125 | G49: 19 | H49: ترمیمی | J49: 1
B50: 50 | C50: حسن | D50: صادقی | E50: 24 | F50: 55 | G50: 16 | H50: تعویض | I50: 1 | P50: 1
B51: 51 | C51: حسن | D51: محمدی | E51: 24 | F51: 32 | G51: 29 | H51: ترمیمی | J51: 1
B52: 52 | C52: حسن | D52: وحدتی فرد | E52: 24 | F52: 33 | G52: 8 | H52: تعویض | I52: 1 | P52: 1
B53: 53 | C53: حسین | D53: جهانی | E53: 24 | F53: 52 | G53: 17 | H53: تعویض | I53: 1
B54: 54 | C54: حسین | D54: سلمانی | E54: 24 | F54: 43 | G54: 7 | H54: ترمیمی | J54: 1
B55: 55 | C55: حسین | D55: صلاحی | E55: 24 | F55: 112 | G55: 32 | H55: تعویض | I55: 1 | O55: 1
B56: 56 | C56: حسین | D56: گرمابدری | E56: 24 | F56: 47 | G56: 19 | H56: تعویض | I56: 1 | P56: 1
B57: 57 | C57: حسین | D57: مسگرلو | E57: 24 | F57: 5 | G57: 13 | H57: تعویض | I57: 1 | P57: 1
B58: 58 | C58: حسین | D58: مظاهری کلهرودی | E58: 24 | F58: 59 | G58: 20 | H58: ترمیمی | J58: 1
B59: 59 | C59: حسینعلی | D59: محمد زمانی | E59: 24 | F59: 31 | G59: 14 | H59: تعویض | I59: 1 | P59: 1
B60: 60 | C60: حمزه | D60: خیوزی | E60: 24 | F60: 52 | G60: 20 | H60: تعویض | I60: 1
B61: 61 | C61: حمید | D61: پروانه | E61: 24 | F61: 81 | G61: 9 | H61: ترمیمی | J61: 1
B62: 62 | C62: حمید | D62: توکلی | E62: 24 | F62: 47 | G62: 4 | H62: ترمیمی | J62: 1
B63: 63 | C63: خانبابا | D63: باقری | E63: 24 | F63: 51 | G63: 3 | H63: ترمیمی | J63: 1
B64: 64 | C64: خانم جان | D64: محمدی | E64: 24 | F64: 14 | G64: 19 | H64: ترمیمی | J64: 1
B65: 65 | C65: خسرو | D65: پسندیده | E65: 24 | F65: 20 | G65: 27 | H65: تعویض | I65: 1 | O65: 1
B66: 66 | C66: خلیل | D66: در شیب | E66: 24 | F66: 29 | G66: 20 | H66: ترمیمی | J66: 1
B67: 67 | C67: داود | D67: پناهی | E67: 24 | H67: ترمیمی | J67: 1
B68: 68 | C68: داود | D68: عزیز الدین | E68: 24 | F68: 59 | G68: 17 | H68: تعویض | I68: 1 | P68: 1
B69: 69 | C69: داود | D69: محمودی آق قلعه | E69: 24 | F69: 24 | G69: 23 | H69: ترمیمی | J69: 1
B70: 70 | C70: *** | D70: رجبعلی | E70: 24 | H70: ترمیمی | J70: 1
B71: 71 | C71: رسول | D71: ملا عباسی | E71: 24 | F71: 38 | G71: 24 | H71: ترمیمی | J71: 1
B72: 72 | C72: رضا | D72: الهی بلاسی | E72: 24 | F72: 14 | G72: 27 | H72: تعویض | I72: 1 | O72: 1
B73: 73 | C73: رضا | D73: سنجابی کرمانشاهی | E73: 24 | F73: 55 | G73: 5 | H73: ترمیمی | J73: 1
B74: 74 | C74: زهر | D74: علیائی کیوج | E74: 24 | F74: 28 | G74: 23 | H74: ترمیمی | J74: 1
B75: 75 | C75: سعید | D75: موسوی | E75: 24 | F75: 57 | G75: 32 | H75: ترمیمی | J75: 1
B76: 76 | C76: سلمان | D76: پروز | E76: 24 | F76: 33 | G76: 24 | H76: تعویض | I76: 1 | P76: 1
B77: 77 | C77: سوسن | D77: سلگی | E77: 24 | F77: 41 | G77: 23 | H77: ترمیمی | J77: 1
B78: 78 | C78: سید احمد | D78: بیان زاده | E78: 24 | F78: 51 | G78: 4 | H78: تعویض | I78: 1 | P78: 1
B79: 79 | C79: سید ایرج | D79: میر محمد | E79: 24 | F79: 87 | G79: 29 | H79: ترمیمی | J79: 1
B80: 80 | C80: سید جمال | D80: دارا | E80: 24 | F80: 33 | G80: 23 | H80: ترمیمی | J80: 1
B81: 81 | C81: سید حسن | D81: جلالی | E81: 24 | F81: 49 | G81: 5 | H81: ترمیمی | J81: 1
B82: 82 | C82: سید داود | D82: فراهانی | E82: 24 | F82: 68 | G82: 13 | H82: تعویض | I82: 1 | P82: 1
B83: 83 | C83: سید رضا | D83: صادقی | E83: 24 | F83: 19 | G83: 13 | H83: ترمیمی | J83: 1
B84: 84 | C84: سید صدرالدین | D84: پیشوائی | E84: 24 | F84: 79 | G84: 26 | H84: تعویض | I84: 1 | O84: 1
B85: 85 | C85: سید علی | D85: مهریزی | E85: 24 | F85: 31 | G85: 18 | H85: تعویض | I85: 1 | P85: 1
B86: 86 | C86: سید فرج ا... | D86: حسینی | E86: 24 | F86: 35 | G86: 1م | H86: تعویض | I86: 1 | P86: 1
B87: 87 | C87: سید مسعود | D87: شجاعی | E87: 24 | F87: 144 | G87: 29 | H87: تعویض | I87: 1 | N87: 1
B88: 88 | C88: سید مصطفی | D88: عزیزی | E88: 24 | F88: 36 | G88: 3 | H88: ترمیمی | J88: 1
B89: 89 | C89: سید مصطفی | D89: نورانی | E89: 24 | F89: 146 | G89: 29 | H89: تعویض | I89: 1 | O89: 1
B90: 90 | C90: سیروس | D90: نوری زاده | E90: 24 | F90: 94 | G90: 31 | H90: ترمیمی | J90: 1 | M90: 1
B91: 91 | C91: سیف اله | D91: ناجی | E91: 24 | F91: 38 | G91: 30 | H91: تعویض | I91: 1 | N91: 1
B92: 92 | C92: شهید گمنام | D92: شهید گمنام | E92: 24 | F92: 3 | G92: 31 | H92: ترمیمی | J92: 1
B93: 93 | C93: شهید گمنام | D93: شهید گمنام | E93: 24 | H93: تعویض | I93: 1 | N93: 1
B94: 94 | C94: شهید گمنام | D94: شهید گمنام | E94: 24 | F94: 11 | G94: 3 | H94: ترمیمی | J94: 1
B95: 95 | C95: شهید گمنام | D95: شهید گمنام | E95: 24 | F95: 10 | G95: 3 | H95: ترمیمی | J95: 1
B96: 96 | C96: صابر | D96: عیسی زاده | E96: 24 | F96: 25 | G96: 24 | H96: ترمیمی | J96: 1
B97: 97 | C97: صفر | D97: شهابی | E97: 24 | F97: 55 | G97: 19 | H97: ترمیمی | J97: 1
B98: 98 | C98: طوبی | D98: حاجی ولی خانی | H98: ترمیمی | J98: 1
B99: 99 | C99: طوبی | D99: لک | E99: 24 | F99: 38 | G99: 22 | H99: ترمیمی | J99: 1
B100: 100 | C100: عالم | D100: نوروزی | E100: 24 | F100: 7 | G100: 22 | H100: ترمیمی | J100: 1
...

Sheet قطعه 26
B1: ردیف | C1: نام | D1: نام خانوادگی | E1: قطعه | F1: ردیف | G1: شماره | H1: ترمیم /تعویض | I1: تعویضی | J1: مرمتی | K1: ارسال به واحد مرمت | L1: سنگ مرمتی آماده | M1: نصب مرمتی شده | N1: ارسال به واحد تعویض | O1: سنگ تعویضی آماده | P1: تعویضی نصب شده | Q1: توضیحات
B2: 1 | C2: حمید | D2: مهر محمد | E2: 26 | F2: 42 | G2: 1 | H2: ترمیمی | J2: 1
B3: 2 | C3: مصطفی | D3: احسانی | E3: 26 | F3: 82 | G3: 1 | H3: ترمیمی | J3: 1
B4: 3 | C4: احمد | D4: اابوئی مهریزی | E4: 26 | F4: 60 | G4: 2 | H4: ترمیمی | J4: 1 | Q4: سنگ مرمر میباشد
B5: 4 | C5: جواد | D5: یافتیان | E5: 26 | F5: 96 | G5: 3 | H5: ترمیمی | J5: 1
B6: 5 | C6: احمد | D6: موحدی | E6: 26 | F6: 79 | G6: 3 | H6: ترمیمی | J6: 1 | Q6: سنگ کوتاه شود
B7: 6 | C7: محمدجعفر | D7: طباطبائی قمی | E7: 26 | F7: 41 | G7: 3 | H7: ترمیمی | J7: 1 | Q7: سنگ مرمر میباشد
B8: 7 | C8: محمد رضا | D8: دارائی | E8: 26 | F8: 80 | G8: 3 | H8: ترمیمی | J8: 1 | Q8: سنگ مرمر میباشد
B9: 8 | C9: محمدرضا | D9: تعقلی | E9: 26 | F9: 98 | G9: 4 | H9: ترمیمی | J9: 1 | Q9: سنگ مرمر میباشد
B10: 10 | C10: حمید | D10: فدائی تهرانی | E10: 26 | F10: 60 | G10: 5 | H10: ترمیمی | J10: 1 | Q10: سنگ مرمر میباشد
B11: 11 | C11: صفر علی | D11: داودی | E11: 26 | F11: 78 | G11: 6 | H11: ترمیمی | J11: 1
B12: 14 | C12: عادل | D12: سقایی سقولو | E12: 26 | F12: 81 | G12: 7 | H12: ترمیمی | J12: 1 | Q12: سنگ مرمر میباشد
B13: 15 | C13: غلامرضا | D13: رستمی | E13: 26 | F13: 78 | G13: 7 | H13: ترمیمی | J13: 1 | Q13: سنگ مرمر میباشد
B14: 16 | C14: محمدرضا | D14: تارخی | E14: 26 | F14: 83 | G14: 8 | H14: ترمیمی | J14: 1
B15: 17 | C15: حیدر | D15: مرادی | E15: 26 | F15: 86 | G15: 8 | H15: ترمیمی | J15: 1 | M15: 1
B16: 18 | C16: محمدکاظم | D16: کلهر | E16: 26 | F16: 91 | G16: 8 | H16: ترمیمی | J16: 1 | Q16: سنگ مرمر میباشد
B17: 19 | C17: مرتضی | D17: کهتری | E17: 26 | F17: 86 | G17: 9 | H17: ترمیمی | J17: 1 | Q17: سنگ مرمر میباشد
B18: 20 | C18: فاضل | D18: محرمی | E18: 26 | F18: 81 | G18: 9 | H18: ترمیمی | J18: 1 | Q18: سنگ مرمر میباشد
B19: 21 | C19: فرهاد | D19: ادبی فرد | E19: 26 | F19: 59 | G19: 14 | H19: ترمیمی | J19: 1
B20: 22 | C20: محسن | D20: خیاط زاده | E20: 26 | F20: 78 | G20: 14 | H20: ترمیمی | J20: 1
B21: 23 | C21: حیدر علی | D21: رضائی | E21: 26 | F21: 89 | G21: 15 | H21: ترمیمی | J21: 1
B22: 24 | C22: جمال | D22: علینژاد آقبلاغ | E22: 26 | F22: 67 | G22: 17 | H22: ترمیمی | J22: 1
B23: 25 | C23: محمد حسن | D23: طهماسبی آشتیانی | E23: 26 | F23: 30 | G23: 17 | H23: ترمیمی | J23: 1 | M23: 1
B24: 26 | C24: علی(مرهداد) | D24: پورمند | E24: 26 | F24: 57 | G24: 18 | H24: ترمیمی | J24: 1
B25: 27 | C25: ناصر | D25: ملاجعفر | E25: 26 | F25: 90 | G25: 19 | H25: ترمیمی | J25: 1 | Q25: سنگ کوتاه شود
B26: 28 | C26: محمد سعید | D26: ابوالمعالی حسینی | E26: 26 | F26: 90 | G26: 19 | H26: ترمیمی | J26: 1 | M26: 1
B27: 29 | C27: عباس | D27: حسینی | E27: 26 | F27: 87 | G27: 20 | H27: ترمیمی | J27: 1
B28: 30 | C28: سید حسن | D28: دریاباری | E28: 26 | F28: 95 | G28: 21 | H28: ترمیمی | J28: 1
B29: 31 | C29: رضا | D29: قانع آبادی استاد | E29: 26 | F29: 3 | G29: 30 | H29: ترمیمی | J29: 1 | M29: 1
B30: 32 | C30: علیرضا | D30: نوروی زاده | E30: 26 | F30: 44 | G30: 30 | H30: ترمیمی | J30: 1
B31: 33 | C31: حسن | D31: زارع پور چونیانی | E31: 26 | F31: 33 | G31: 30 | H31: ترمیمی | J31: 1
B32: 34 | C32: مرتضی | D32: حیدری | E32: 26 | F32: 5 | G32: 31 | H32: ترمیمی | J32: 1 | Q32: سنگ مرمر میباشد
B33: 35 | C33: مهدی | D33: اکبری | E33: 26 | F33: 32 | G33: 33 | H33: ترمیمی | J33: 1
B34: 36 | C34: غلامرضا | D34: گل دست | E34: 26 | F34: 79 | G34: 33 | H34: ترمیمی | J34: 1 | M34: 1
B35: 37 | C35: مرتضی | D35: زنجانی کرامتی | E35: 26 | F35: 50 | G35: 34 | H35: ترمیمی | J35: 1
B36: 38 | C36: *** | D36: شهید گمنام | E36: 26 | F36: 35 | G36: 34 | H36: ترمیمی | J36: 1
B37: 39 | C37: علی اصغر | D37: پور سلطان | E37: 26 | F37: 63 | G37: 36 | H37: ترمیمی | J37: 1
B38: 40 | C38: ناصر | D38: صالی | E38: 26 | F38: 34 | G38: 38 | H38: ترمیمی | J38: 1
B39: 41 | C39: محمد | D39: قلی بیگیان | E39: 26 | F39: 9 | G39: 38 | H39: ترمیمی | J39: 1 | M39: 1
B40: 42 | C40: محبوب | D40: درزجی دولق | E40: 26 | F40: 2 | G40: 39 | H40: ترمیمی | J40: 1 | M40: 1
B41: 43 | C41: نصر الله | D41: زنیوند | E41: 26 | F41: 51 | G41: 42 | H41: ترمیمی | J41: 1
B42: 44 | C42: احمد | D42: آقا رحیمی | E42: 26 | F42: 1 | G42: 44 | H42: ترمیمی | J42: 1
B43: 45 | C43: حسن | D43: فدوی | E43: 26 | F43: 15 | G43: 44 | H43: ترمیمی | J43: 1
B44: 46 | C44: غلام عباس | D44: غیاثوند | E44: 26 | F44: 47 | G44: 45 | H44: ترمیمی | J44: 1
B45: 47 | C45: مسعود | D45: اکبری | E45: 26 | F45: 78 | G45: 48 | H45: ترمیمی | J45: 1 | M45: 1
B46: 49 | C46: مهرداد | D46: صادقیان | E46: 26 | F46: 34 | G46: 50 | H46: ترمیمی | J46: 1
B47: 50 | C47: امیر حسین | D47: عقیل محتشم | E47: 26 | F47: 87 | G47: 51 | H47: ترمیمی | J47: 1
B48: 51 | C48: مهدی | D48: آطاهریان | E48: 26 | F48: 94 | G48: 51 | H48: ترمیمی | J48: 1
B49: 52 | C49: محسن | D49: حیدری | E49: 26 | F49: 31 | G49: 53 | H49: ترمیمی | J49: 1
B50: 53 | C50: علیرضا | D50: موحدی کرمانی | E50: 26 | F50: 30 | G50: 53 | H50: ترمیمی | J50: 1
B51: 54 | C51: علی | D51: قاسمی صدر آبادی | E51: 26 | F51: 37 | G51: 25 | H51: ترمیمی | J51: 1 | M51: 1
B52: 55 | C52: محمد حسین | D52: بیاتی | E52: 26 | F52: 63 | G52: 15 | H52: تعویض | I52: 1 | P52: 1
B53: 56 | C53: محمد | D53: شیخ لو | E53: 26 | F53: 53 | G53: 7 | H53: تعویض | I53: 1 | P53: 1
B54: 57 | C54: حسن | D54: قاسمی تودشکوئی | E54: 26 | F54: 93 | G54: 47 | H54: تعویض | I54: 1 | P54: 1
B55: 58 | C55: حسن | D55: همتی | E55: 26 | F55: 82 | G55: 21 | H55: تعویض | I55: 1
B56: 59 | C56: مهدی | D56: مازوساز | E56: 26 | F56: 83 | G56: 17 | H56: تعویض | I56: 1 | P56: 1
B57: 60 | C57: فاضل | D57: سازنده | E57: 26 | F57: 1 | G57: 29 | H57: تعویض | I57: 1
B58: 61 | C58: علیرضا | D58: فیروزنیا | E58: 26 | F58: 44 | G58: 22 | H58: تعویض | I58: 1 | P58: 1
B59: 62 | C59: *** | D59: شهید گمنام | E59: 26 | F59: 12 | G59: 21 | H59: تعویض | I59: 1 | P59: 1
B60: 63 | C60: محمد | D60: حسین دانا | E60: 26 | F60: 29 | G60: 21 | H60: تعویض | I60: 1 | P60: 1
B61: 64 | C61: *** | D61: شهید گمنام | E61: 26 | F61: 12 | G61: 19 | H61: تعویض | I61: 1 | P61: 1
B62: 65 | C62: *** | D62: شهید گمنام | E62: 26 | F62: 14 | G62: 19 | H62: تعویض | I62: 1 | P62: 1
B63: 66 | C63: *** | D63: شهید گمنام | E63: 26 | F63: 12 | G63: 18 | H63: تعویض | I63: 1 | P63: 1
B64: 67 | C64: *** | D64: شهید گمنام | E64: 26 | F64: 13 | G64: 18 | H64: تعویض | I64: 1 | P64: 1
B65: 68 | C65: عطوف | D65: طباخ خوشه مهر | E65: 26 | F65: 50 | G65: 30 | H65: تعویض | I65: 1 | P65: 1
B66: 69 | C66: محسن | D66: حسینی | E66: 26 | F66: 79 | G66: 30 | H66: تعویض | I66: 1 | P66: 1
B67: 70 | C67: *** | D67: شهید گمنام | E67: 26 | F67: 84 | G67: 23 | H67: تعویض | I67: 1
B68: 71 | C68: حسن جواد | D68: سپهری | E68: 26 | F68: 91 | G68: 11 | H68: تعویض | I68: 1 | P68: 1
B69: 72 | C69: محمد علی | D69: غلامی | E69: 26 | F69: 88 | G69: 12 | H69: تعویض | I69: 1 | P69: 1
B70: 73 | C70: حسن | D70: مصدری | E70: 26 | F70: 88 | G70: 13 | H70: تعویض | I70: 1 | P70: 1
B71: 74 | C71: حسین | D71: اینالو | E71: 26 | F71: 96 | G71: 21 | H71: تعویض | I71: 1 | P71: 1
B72: 75 | C72: جواد | D72: جعفری فر | E72: 26 | F72: 81 | G72: 5 | H72: تعویض | I72: 1 | P72: 1
B73: 76 | C73: حمید | D73: متولیان | E73: 26 | F73: 66 | G73: 2م | H73: تعویض | I73: 1 | P73: 1
B74: 77 | C74: *** | D74: شهید گمنام | E74: 26 | F74: 69 | G74: 6 | H74: تعویض | I74: 1
B75: 78 | C75: امیر | D75: حمیدی بنام | E75: 26 | F75: 68 | G75: 7 | H75: تعویض | I75: 1 | P75: 1
B76: 79 | C76: *** | D76: شهید گمنام | E76: 26 | F76: 85 | G76: 7م | H76: ترمیمی | I76: 0 | J76: 1 | M76: 1
B77: 80 | C77: شعبان | D77: نعمتی | E77: 26 | F77: 36 | G77: 49 | H77: تعویض | I77: 1 | P77: 1
B78: 81 | C78: حمید | D78: غیبی | E78: 26 | F78: 91 | G78: 36 | H78: تعویض | I78: 1 | Q78: 1404
B79: 82 | C79: حسین | D79: شفیعی اقدم | E79: 26 | F79: 65 | G79: 40 | H79: تعویض | I79: 1 | P79: 1 | Q79: 1404
B80: 83 | C80: مرتضی | D80: غلامی نژاد | E80: 26 | F80: 23 | G80: 31 | H80: تعویض | I80: 1 | P80: 1 | Q80: تحویل داده شد
B81: 84 | C81: فرهاد | D81: فروزنده | E81: 26 | F81: 23 | G81: 40 | H81: تعویض | I81: 1 | P81: 1 | Q81: تحویل داده شد
B82: 85 | C82: مجتبی | D82: غلامی | E82: 26 | F82: 22 | G82: 40 | H82: تعویض | I82: 1 | P82: 1 | Q82: تحویل داده شد سال 1403
B83: 86 | C83: شهرام | D83: رضا خشکبارچی | E83: 26 | F83: 67 | G83: 26 | H83: تعویض | I83: 1 | P83: 1 | Q83: تحویل داده شد
B84: 87 | C84: محسن | D84: سلیمان شهباز | E84: 26 | F84: 98 | G84: 40 | H84: تعویض | I84: 1 | P84: 1 | Q84: تحویل داده شد سال 1403
B85: 88 | C85: میرحبیب | D85: ابوالقاسمی | E85: 26 | F85: 38 | G85: 23 | H85: تعویض | I85: 1 | P85: 1 | Q85: 1404
B86: 89 | C86: سعید | D86: عزیزی | E86: 26 | F86: 88 | G86: 40 | H86: تعویض | I86: 1 | P86: 1 | Q86: 1404
B87: 90 | C87: سید قاسم | D87: حسینی | E87: 26 | F87: 83 | G87: 47 | H87: تعویض | I87: 1 | P87: 1 | Q87: 1404
B88: 91 | C88: حسین | D88: زندیه | E88: 26 | F88: 92 | G88: 46 | H88: تعویض | I88: 1 | P88: 1 | Q88: 1404
B89: 92 | C89: حسین | D89: اسماعیلیان | E89: 26 | F89: 82 | G89: 48 | H89: تعویض | I89: 1 | P89: 1 | Q89: 1404
B90: 93 | C90: علی حسن | D90: اقبال | E90: 26 | F90: 90 | G90: 46 | H90: تعویض | I90: 1 | P90: 1 | Q90: 1404
B91: 94 | C91: قاسم | D91: خسروجردی | E91: 26 | F91: 793 | G91: 48 | H91: تعویض | I91: 1 | P91: 1 | Q91: 1404
B92: 95 | C92: محمد جواد | D92: باغشاهی | E92: 26 | F92: 87 | G92: 47 | H92: تعویض | I92: 1 | P92: 1 | Q92: 1404
B93: 96 | C93: یعقوب | D93: احمد بیگی | E93: 26 | F93: 80 | G93: 48 | H93: تعویض | I93: 1 | P93: 1 | Q93: 1404
B94: 97 | C94: محمد | D94: شکوری گرگانی | E94: 26 | F94: 82 | G94: 52 | H94: تعویض | I94: 1 | P94: 1 | Q94: 1404
B95: 98 | C95: محمد حسن | D95: شاهورانی | E95: 26 | F95: 88 | G95: 49 | H95: تعویض | I95: 1 | P95: 1 | Q95: 1404
B96: 99 | C96: محمود | D96: طاهرافشار | E96: 26 | F96: 87 | G96: 45 | H96: تعویض | I96: 1 | P96: 1 | Q96: 1404
... B104: 107 | C104: علی محمد | D104: شمسایی | E104: 26 | F104: 76 | G104: 47 | H104: تعویض | I104: 1 | P104: 1 | Q104: 1404
B105: 108 | C105: حسین | D105: محمدی اصفهانی | E105: 26 | F105: 20 | G105: 36 | H105: تعویض | I105: 1 | P105: 1 | Q105: 1404/08/05کریستال
B106: 109 | C106: مجید | D106: طلا | E106: 26 | F106: 88 | G106: 45 | H106: تعویض | I106: 1 | P106: 1 | Q106: 1404/08/05کریستال
B107: 110 | C107: منصور | D107: حاج امینی | E107: 26 | F107: 76 | G107: 48 | H107: تعویض | I107: 1 | P107: 1 | Q107: 1404/08/05کریستال
...

Sheet قطعه 27
B1: ردیف | C1: نام | D1: نام خانوادگی | E1: قطعه | F1: ردیف | G1: شماره | H1: ترمیم /تعویض | I1: تعویضی | J1: مرمتی | K1: ارسال به واحد مرمت | L1: سنگ مرمتی آماده | M1: نصب مرمتی شده | N1: ارسال به واحد تعویض | O1: سنگ تعویضی آماده | P1: تعویضی نصب شده | Q1: توضیحات
B2: 1 | C2: محمود | D2: صابر درویش | E2: 27 | F2: 123 | H2: ترمیمی | J2: 1
B3: 2 | C3: علی | D3: اقبالی مقدم | E3: 27 | H3: ترمیمی | J3: 1
B4: 3 | C4: محمدرضا | D4: حسینجانی | E4: 27 | H4: ترمیمی | J4: 1
B5: 4 | C5: اسماعیل | D5: قمری | E5: 27 | H5: ترمیمی | J5: 1
B6: 5 | C6: حسین | D6: اسدی | E6: 27 | F6: 47 | G6: 5 | H6: ترمیمی | J6: 1
B7: 6 | C7: علی | D7: باقرپور | E7: 27 | F7: 141 | G7: 2 | H7: ترمیمی | J7: 1
B8: 7 | C8: محمد رضا | D8: عاطفی | E8: 27 | F8: 111 | G8: الف | H8: ترمیمی | J8: 1 | M8: 1
B9: 8 | C9: محمدباقر | D9: عبایی هدش | E9: 27 | H9: ترمیمی | J9: 1
B10: 9 | C10: ناصر | D10: استاد عظیم | E10: 27 | H10: ترمیمی | J10: 1
B11: 10 | C11: رحمان | D11: گرگانی تهرانی | E11: 27 | F11: 86 | G11: 9 | H11: ترمیمی | J11: 1
B12: 11 | C12: کاظم | D12: توکلی | E12: 27 | F12: 41 | G12: 6 | H12: تعویضی | I12: 1 | P12: 1
B13: 12 | C13: محمدهادی | D13: هدایت پور | E13: 27 | H13: ترمیمی | J13: 1
B14: 13 | C14: رضا | D14: مصیحی نیا | E14: 27 | H14: ترمیمی | J14: 1
B15: 14 | C15: داریوش | D15: موسی الرضا | E15: 27 | F15: 6 | G15: 5 | H15: ترمیمی | J15: 1
B16: 15 | C16: یوسف | D16: فعال | E16: 27 | H16: ترمیمی | J16: 1
B17: 16 | C17: قاسم | D17: شریفی | E17: 27 | H17: ترمیمی | J17: 1
B18: 17 | C18: علیرضا | D18: سخائی | E18: 27 | F18: 32 | G18: 4 | H18: ترمیمی | J18: 1
B19: 18 | C19: ایرج | D19: حبیبی | E19: 27 | F19: 55 | G19: 4 | H19: ترمیمی | J19: 1
B20: 19 | C20: علی رضا | D20: طاهرپناه | E20: 27 | F20: 12 | G20: الف | H20: ترمیمی | J20: 1
B21: 20 | C21: امیر | D21: متولی | E21: 27 | F21: 24 | G21: 3 | H21: ترمیمی | J21: 1
B22: 21 | C22: محمد مهدی | D22: کریمی | E22: 27 | H22: ترمیمی | J22: 1
B23: 22 | C23: بهروز | D23: لطیفی | E23: 27 | H23: ترمیمی | J23: 1
B24: 23 | C24: غلامرضا | D24: ایرانی | E24: 27 | H24: ترمیمی | J24: 1
B25: 24 | C25: *** | D25: نوری | E25: 27 | G25: الف | H25: ترمیمی | J25: 1
B26: 25 | C26: مهدی | D26: براتلو | E26: 27 | F26: 24 | G26: الف | H26: ترمیمی | J26: 1
B27: 26 | C27: غلامرضا | D27: حنیفه زاده مرندی | E27: 27 | F27: 62 | G27: ب | H27: ترمیمی | J27: 1
B28: 27 | C28: علی | D28: قنبر | E28: 27 | F28: 56 | G28: ب | H28: ترمیمی | J28: 1
B29: 28 | C29: محمد حسن | D29: میرزائی فراهانی | E29: 27 | H29: ترمیمی | J29: 1
B30: 29 | C30: سیدحسین | D30: مصطفوی | E30: 27 | F30: 20 | G30: ت | H30: ترمیمی | J30: 1
B31: 30 | C31: مهران | D31: عزیزانی | E31: 27 | H31: ترمیمی | J31: 1
B32: 31 | C32: قربانعلی | D32: عابدی | E32: 27 | F32: 41 | G32: ج | H32: ترمیمی | J32: 1
B33: 32 | C33: علی | D33: گیلانی | E33: 27 | G33: ج | H33: ترمیمی | J33: 1
B34: 33 | C34: علی اصغر | D34: قدیانی | E34: 27 | H34: ترمیمی | J34: 1
B35: 34 | C35: حسن | D35: جلودار زاده | E35: 27 | H35: تعویضی | I35: 1 | O35: 1 | Q35: تصویر شهید با هوش مصنوعی احیا و در سنگ جدید حک شود
B36: 35 | C36: حسین | D36: یزدی | E36: 27 | H36: تعویضی | I36: 1 | N36: 1
B37: 36 | C37: حسین | D37: رحیمی | E37: 27 | F37: 12 | G37: 6 | H37: تعویضی | I37: 1 | P37: 1
B38: 37 | C38: شهرام | D38: دربندی | E38: 27 | H38: تعویضی | I38: 1 | N38: 1 | Q38: اول چک شود مرمر به نظر میرسد
B39: 38 | C39: *** | D39: شهید گمنام | E39: 27 | F39: 137 | G39: 1 | H39: تعویضی | I39: 1 | Q39: انجام شد
B40: 39 | C40: محمد | D40: صادقی | E40: 27 | F40: 138 | G40: الف | H40: تعویضی | I40: 1 | P40: 1
B41: 40 | C41: محمد | D41: گودرزی(چهردار) | E41: 27 | F41: 140 | G41: 1 | H41: تعویضی | I41: 1 | P41: 1
B42: 41 | C42: رضا | D42: مهدوی(مرمر) | E42: 27 | F42: 139 | G42: 2 | H42: تعویضی | I42: 1 | Q42: چرا تعویض
B43: 42 | C43: محمد رضا | D43: محرابی | E43: 27 | F43: 144 | G43: 2 | H43: تعویضی | I43: 1
B44: 43 | C44: حسین | D44: محمد زاده | E44: 27 | F44: 87 | G44: ث | H44: تعویضی | I44: 1 | P44: 1
B45: 44 | C45: آرش | D45: تهلوی | E45: 27 | F45: 138 | G45: مکرر1 | H45: تعویضی | I45: 1 | P45: 1
B46: 45 | C46: مهدی | D46: خسروی نصر | E46: 27 | F46: 90 | G46: 9 | H46: تعویضی | I46: 1 | P46: 1
B47: 46 | C47: کوروش | D47: خواص | E47: 27 | F47: 141 | G47: 1 | H47: تعویضی | I47: 1 | P47: 1
B48: 47 | C48: محمود | D48: سلیمانی ثانی | E48: 27 | F48: 149 | G48: 2 مکرر | H48: تعویضی | I48: 1 | P48: 1
B49: 48 | C49: سید عیسی | D49: قاسمی | E49: 27 | F49: 107 | G49: ث | H49: تعویضی | I49: 1 | P49: 1
B50: 49 | C50: رضا | D50: جعفری | E50: 27 | F50: 96 | G50: ث | H50: تعویضی | I50: 1 | P50: 1
B51: 50 | C51: المیرا | D51: اغنامیان | E51: 27 | F51: 149 | G51: 2 | H51: تعویضی | I51: 1 | P51: 1
B52: 51 | C52: سید علی رضا | D52: میر هادی | E52: 27 | F52: 128 | G52: ب | H52: تعویضی | I52: 1 | P52: 1
B53: 52 | C53: مسعود | D53: عباس قلی زاده | E53: 27 | F53: 134 | G53: 9 | H53: تعویضی | I53: 1 | P53: 1
B54: 53 | C54: محسن | D54: امیدی | E54: 27 | F54: 116 | G54: ب | H54: تعویضی | I54: 1 | P54: 1
B55: 54 | C55: حیدر | D55: احمدی | E55: 27 | F55: 117 | G55: ب | H55: تعویضی | I55: 1 | P55: 1
B56: 55 | C56: حسن | D56: حسین زاده اصل خیابانیان | E56: 27 | F56: 119 | G56: ب | H56: تعویضی | I56: 1 | P56: 1
B57: 56 | C57: محمد | D57: شمس | E57: 27 | F57: 133 | G57: الف | H57: تعویضی | I57: 1 | P57: 1
B58: 57 | C58: عماد | D58: آرم | E58: 27 | F58: 135 | G58: الف | H58: تعویضی | I58: 1 | P58: 1
B59: 58 | C59: اسفند یار | D59: صدقی کنزق | E59: 27 | F59: 127 | G59: الف | H59: تعویضی | I59: 1 | P59: 1
B60: 59 | C60: داور | D60: شمالی | E60: 27 | F60: 124 | G60: 6 | H60: تعویضی | I60: 1 | P60: 1
B61: 60 | C61: حسن | D61: درویشی | E61: 27 | F61: 104 | G61: 12 | H61: تعویضی | I61: 1
B62: 61 | C62: سید هاشم | D62: میرمالک | E62: 27 | F62: 117 | G62: الف | H62: تعویضی | I62: 1
B63: 62 | C63: رسول | D63: وادی نژاد | E63: 27 | F63: 133 | G63: 1 | H63: تعویضی | I63: 1 | P63: 1
B64: 63 | C64: حاج خان | D64: غلامی | E64: 27 | F64: 109 | G64: 1مکرر | H64: تعویضی | I64: 1 | N64: 1
B65: 64 | C65: نورخدا | D65: نوشانی | E65: 27 | F65: 103 | G65: 1مکرر | H65: تعویضی | I65: 1 | P65: 1
B66: 65 | C66: بهرام | D66: حاجی حسنی | E66: 27 | F66: 113 | G66: 5 | H66: تعویضی | I66: 1 | P66: 1
B67: 66 | C67: عباداله | D67: غفاری | E67: 27 | F67: 129 | G67: 2 | H67: تعویضی | I67: 1 | P67: 1
B68: 67 | C68: محمد تقی | D68: خلج زمان آبادی | E68: 27 | F68: 21 | G68: ج | H68: تعویضی | I68: 1 | N68: 1
B69: 68 | C69: وحید | D69: نظری | E69: 27 | F69: 46 مکرر | G69: ج | H69: تعویضی | I69: 1 | P69: 1
B70: 69 | C70: مهدی | D70: غریبی | E70: 27 | F70: 131 | G70: 4 | H70: تعویضی | I70: 1 | Q70: چک شود
B71: 70 | C71: محمد | D71: غریبی | E71: 27 | F71: 131 | G71: 3 | H71: تعویضی | I71: 1 | O71: 1 | Q71: چک شود
B72: 71 | C72: لیلا | D72: غریبی | E72: 27 | F72: 129 | G72: 4 | H72: تعویضی | I72: 1 | P72: 1
B73: 72 | C73: غلامعلی | D73: غریبی | E73: 27 | F73: 130 | G73: 4 | H73: تعویضی | I73: 1 | P73: 1
B74: 73 | C74: مسعود | D74: فرجی | E74: 27 | F74: 105 | G74: الف | H74: تعویضی | I74: 1 | P74: 1
B75: 74 | C75: مجید | D75: سرائی | E75: 27 | F75: 128 | G75: 1 | H75: تعویضی | I75: 1 | P75: 1
B76: 75 | C76: رضا | D76: نصیری | E76: 27 | F76: 105 | G76: مکرر1 | H76: تعویضی | I76: 1 | P76: 1
B77: 76 | C77: مرتضی | D77: عطاران بندر آبادی | E77: 27 | F77: 130 | G77: ب | H77: تعویضی | I77: 1 | P77: 1
B78: 77 | C78: محمد | D78: خالص پور | E78: 27 | F78: 140 | G78: 5 | H78: تعویضی | I78: 1 | P78: 1
B79: 78 | C79: مهدی | D79: شاهپور بخشوده | E79: 27 | F79: 83 | G79: 5 | H79: تعویضی | I79: 1 | P79: 1
B80: 79 | C80: نعمت | D80: مهدوی | E80: 27 | F80: 98 | G80: 4 | H80: تعویضی | I80: 1 | P80: 1
A81: مونث | B81: 80 | C81: حکومه | D81: شاهی ارجقی | E81: 27 | F81: 119 | G81: 6 | H81: تعویضی | I81: 1 | P81: 1
B82: 81 | C82: فاطمه | D82: صباغی | E82: 27 | F82: 119 | G82: 4 | H82: تعویضی | I82: 1 | P82: 1
B83: 82 | C83: فرشته | D83: مقیمی | E83: 27 | F83: 126 | G83: 3 | H83: تعویضی | I83: 1 | P83: 1
B84: 83 | C84: رضا | D84: امجدی | E84: 27 | F84: 108 | G84: 3 | H84: تعویضی | I84: 1 | P84: 1
B85: 84 | C85: ولی | D85: افشار | E85: 27 | F85: 97 | G85: 3 | H85: تعویضی | I85: 1 | P85: 1
B86: 85 | C86: غلامحسین | D86: اکباتانی نژاد | E86: 27 | F86: 125 | G86: الف | H86: تعویضی | I86: 1 | P86: 1
B87: 86 | C87: مهدی | D87: صادقی | E87: 27 | F87: 107 | G87: 1 مکرر | H87: تعویضی | I87: 1 | P87: 1
B88: 87 | C88: مسعود | D88: پهلوانی | E88: 27 | F88: 96 | G88: 5 | H88: تعویضی | I88: 1 | P88: 1
B89: 88 | C89: حسن | D89: تن زاده | E89: 27 | F89: 100 | G89: 6 | H89: تعویضی | I89: 1
B90: 89 | C90: امیرهوشنگ | D90: رستمی ترکمانی | E90: 27 | F90: 135 | G90: 3 | H90: تعویضی | I90: 1 | P90: 1
B91: 90 | C91: محمد | D91: کرکرانک | E91: 27 | F91: 98 | G91: 3 | H91: تعویضی | I91: 1 | P91: 1
B92: 91 | C92: ولی اله | D92: میرزایی | E92: 27 | F92: 114 | G92: الف | H92: تعویضی | I92: 1 | P92: 1
B93: 92 | C93: علی | D93: اکوان | E93: 27 | F93: 73 | G93: 12 | H93: تعویضی | I93: 1 | P93: 1
B94: 93 | C94: جمال | D94: بروجردی | E94: 27 | F94: 78 | G94: 9 | H94: تعویضی | I94: 1 | P94: 1
B95: 94 | C95: داود | D95: نوروزجم | E95: 27 | F95: 72 | G95: 7 | H95: تعویضی | I95: 1 | P95: 1
B96: 95 | C96: حسن | D96: محمدی | E96: 27 | F96: 121 | G96: 6 | H96: تعویضی | I96: 1 | N96: 1
B97: 96 | C97: روح اله | D97: پوشش دوست | E97: 27 | F97: 114 | G97: 6 | H97: تعویضی | I97: 1 | P97: 1
B98: 97 | C98: ناصر | D98: ندیری | E98: 27 | F98: 117 | G98: 3 | H98: تعویضی | I98: 1 | P98: 1
B99: 98 | C99: محسن | D99: حاج محمدی | E99: 27 | F99: 124 | G99: 8 | H99: تعویضی | I99: 1 | P99: 1
B100: 99 | C100: محمداکبر | D100: کریمی | E100: 27 | F100: 120 | G100: 8 | H100: تعویضی | I100: 1 | P100: 1
...

Sheet قطعه 28
B1: ردیف | C1: نام | D1: نام خانوادگی | E1: قطعه | F1: ردیف | G1: شماره | H1: ترمیم /تعویض | I1: تعویضی | J1: مرمتی | K1: ارسال به واحد مرمت | L1: سنگ مرمتی آماده | M1: نصب مرمتی شده | N1: ارسال به واحد تعویض | O1: سنگ تعویضی آماده | P1: تعویضی نصب شده | Q1: توضیحات
B2: 1 | C2: *** | D2: شهید گمنام | E2: 28 | F2: 6 | G2: 1 | H2: تعویض | I2: 1 | N2: 1
B3: 2 | C3: عباس | D3: انزلی | E3: 28 | F3: 2 | G3: 10 | H3: ترمیمی | I3: 0 | J3: 1 | M3: 1 | N3: 0
B4: 3 | C4: *** | D4: شهید گمنام | E4: 28 | F4: 12 | G4: 10 | H4: ترمیمی | J4: 1 | M4: 1
B5: 4 | C5: حسین | D5: شیری | E5: 28 | F5: 18 | G5: 10 | H5: ترمیمی | J5: 1 | Q5: مرمر
B6: 5 | C6: محمدصمد | D6: کاشانی | E6: 28 | F6: 23 | G6: 10 | H6: ترمیمی | J6: 1 | Q6: توسط برادر خزایی رسیدگی شود
B7: 6 | C7: قاسم الله | D7: وردی خانی | E7: 28 | F7: 23 | G7: 9 | H7: ترمیمی | J7: 1 | Q7: مرمر
B8: 7 | C8: *** | D8: شهید گمنام | E8: 28 | F8: 13 | G8: 9 | H8: تعویض | I8: 1 | N8: 0 | P8: 1
B9: 8 | C9: مهدی | D9: مکارچیان | E9: 28 | F9: 9 | G9: 8 | H9: ترمیمی | J9: 1 | Q9: مرمر
B10: 9 | C10: مصطفی | D10: بلاقت نیا | E10: 28 | F10: 33 | G10: 8 | H10: ترمیمی | J10: 1 | M10: 1
B11: 10 | C11: هوشنگ | D11: زارعی | E11: 28 | F11: 35 | G11: 7 | H11: ترمیمی | J11: 1
B12: 11 | C12: مصطفی | D12: غلامی | E12: 28 | F12: 24 | G12: 7 | H12: ترمیمی | J12: 1 | Q12: مرمر
B13: 12 | C13: محمود | D13: حاج اکبری | E13: 28 | F13: 23 | G13: 7 | H13: ترمیمی | J13: 1 | Q13: مرمر
B14: 13 | C14: ولی الله | D14: رضائی | E14: 28 | F14: 32 | G14: 5 | H14: ترمیمی | J14: 1 | Q14: مرمر
B15: 14 | C15: حسن | D15: رضائی | E15: 28 | F15: 18 | G15: 4 | H15: تعویض | I15: 1 | N15: 1 | Q15: توسط برادر خزایی رسیدگی شود
B16: 15 | C16: حفیظ الله | D16: ترابی | E16: 28 | H16: تعویض | I16: 1 | N16: 1
B17: 16 | C17: حسین | D17: محمدی | E17: 28 | F17: 17 | G17: 4 | H17: ترمیمی | J17: 1 | M17: 1
B18: 17 | C18: علی رضا | D18: دهقان منشادی | E18: 28 | F18: 18 | G18: 4 | H18: ترمیمی | J18: 1 | Q18: مرمر
B19: 18 | C19: سید ابراهیم | D19: موسوی | E19: 28 | F19: 26 | G19: 4 | H19: ترمیمی | J19: 1 | Q19: مرمر
B20: 19 | C20: مهدی | D20: باقری نصرآبادی | E20: 28 | F20: 28 | G20: 4 | H20: ترمیمی | J20: 1 | M20: 1
B21: 20 | C21: علی | D21: حسینی | E21: 28 | F21: 31 | G21: 4 | H21: ترمیمی | J21: 1 | Q21: مرمر
B22: 21 | C22: حسین | D22: اسماعیلی | E22: 28 | F22: 33 | G22: 4 | H22: ترمیمی | J22: 1
B23: 22 | C23: محمدرضا | D23: میرزائی | E23: 28 | H23: ترمیمی | J23: 1
B24: 23 | C24: محسن | D24: آژوی | E24: 28 | F24: 31 | G24: 3 | H24: ترمیمی | J24: 1
B25: 24 | C25: سیدمجتبی | D25: میرصانع | E25: 28 | F25: 30 | G25: 3 | H25: ترمیمی | I25: 0 | J25: 1 | M25: 1 | N25: 0 | O25: 0
B26: 25 | C26: عبدالصالح | D26: خراسانی | E26: 28 | F26: 11 | G26: 2 | H26: ترمیمی | J26: 1 | M26: 1
B27: 26 | C27: غلامرضا | D27: آقاجانی | E27: 28 | F27: 33 | G27: 2 | H27: ترمیمی | I27: 0 | J27: 1 | M27: 1
B28: 27 | C28: حسین | D28: کیانی | E28: 28 | F28: 29 | G28: 2 | H28: تعویض | I28: 1 | N28: 1
B29: 28 | C29: غلامرضا | D29: کندزی | E29: 28 | F29: 19 | G29: 2 | H29: ترمیمی | J29: 1 | Q29: مرمر
B30: 29 | C30: سیدمهدی | D30: بهرام موسوی | E30: 28 | F30: 8 | G30: 1 | H30: ترمیمی | J30: 1 | M30: 1
B31: 30 | C31: بابک | D31: زارعی | E31: 28 | F31: 27 | G31: 1 | H31: ترمیمی | J31: 1 | Q31: مرمر
B32: 31 | C32: حسین | D32: رجب پور | E32: 28 | F32: 23 | G32: 2 | H32: ترمیمی | J32: 1 | Q32: مرمر
B33: 32 | C33: وحید | D33: شادالویی | E33: 28 | F33: 5 | G33: 1 | H33: ترمیمی | I33: 0 | J33: 1 | M33: 1 | N33: 0
B34: 33 | C34: علیرضا | D34: مقدم سلیمی | E34: 28 | F34: 20 | G34: 1 | H34: ترمیمی | I34: 0 | J34: 1 | M34: 1 | N34: 0
B35: 34 | C35: نیرو | D35: رزاقی | E35: 28 | F35: 21 | G35: 1 | H35: ترمیمی | J35: 1
B36: 35 | C36: غلامرضا | D36: ناجی | E36: 28 | F36: 11 | G36: 1 | H36: ترمیمی | I36: 0 | J36: 1 | M36: 1 | N36: 0
B37: 36 | C37: حسن | D37: ابراهیمی | E37: 28 | F37: 16 | G37: 4 | H37: ترمیمی | J37: 1 | M37: 1
B38: 37 | C38: بهرام | D38: خدایی | E38: 28 | F38: 28 | G38: 7 | H38: ترمیمی | J38: 1 | M38: 1 | Q38: توسط برادر خزایی رسیدگی شود
B39: 38 | C39: علی | D39: خان بابائی | E39: 28 | F39: 57 | G39: 3 | H39: ترمیمی | J39: 1
B40: 39 | C40: امیر | D40: نانگیر | E40: 28 | F40: 51 | G40: 2 | H40: ترمیمی | J40: 1
B41: 40 | C41: حسین | D41: خیری | E41: 28 | F41: 52 | G41: 2 | H41: ترمیمی | J41: 1
B42: 41 | C42: نادر | D42: دادستان | E42: 28 | F42: 57 | G42: 3 | H42: ترمیمی | J42: 1
B43: 42 | C43: حسین | D43: محمودی تفریشی | E43: 28 | F43: 58 | G43: 3 | H43: ترمیمی | J43: 1
B44: 43 | C44: غلامرضا | D44: مالکی | E44: 28 | F44: 52 | G44: 4 | H44: ترمیمی | J44: 1
B45: 44 | C45: رضا | D45: جمال پور | E45: 28 | F45: 43 | G45: 5 | H45: ترمیمی | J45: 1
B46: 45 | C46: کامران | D46: صادقی نشاط | E46: 28 | F46: 40 | G46: 8 | H46: ؟ | Q46: توسط برادر احدزاده رسیدگی شود
B47: 46 | C47: چمن علی | D47: سید احمد | E47: 28 | F47: 42 | G47: 8 | H47: تعویض | I47: 1 | N47: 1
B48: 47 | C48: رمضان علی | D48: کاظمی | E48: 28 | F48: 46 | G48: 8 | H48: تعویض | I48: 1 | N48: 1
B49: 48 | C49: حسن | D49: مهدی زاده | E49: 28 | F49: 49 | G49: 8 | H49: تعویض | I49: 1 | N49: 1
B50: 49 | C50: *** | D50: شهید گمنام | E50: 28 | F50: 52 | G50: 9 | H50: ترمیمی | J50: 1
B51: 50 | C51: محسن | D51: قاسمی | E51: 28 | F51: 38 | G51: 10 | H51: ترمیمی | I51: 0 | J51: 1 | M51: 1 | P51: 0
B52: 51 | C52: محمد علی | D52: بهرمن | E52: 28 | F52: 55 | G52: 2 | H52: ترمیمی | J52: 1
B53: 52 | C53: سید محمود | D53: هوری | E53: 28 | F53: 58 | G53: 2 | H53: تعویض | I53: 1 | N53: 1
B54: 53 | C54: علی | D54: شریفی | E54: 28 | F54: 49 | G54: 10 | H54: تعویض | I54: 1 | N54: 1
B55: 54 | C55: کاظم | D55: قاسمی | E55: 28 | F55: 75 | G55: 10 | H55: تعویض | I55: 1 | N55: 1
B56: 55 | C56: عباسعلی | D56: اناری | E56: 28 | F56: 78 | G56: 10 | H56: تعویض | I56: 1 | N56: 1 | Q56: توسط برادر خزایی رسیدگی شود
B57: 56 | C57: میرشجاع | D57: روزبه صادقی | E57: 28 | F57: 83 | G57: 10 | H57: تعویض | I57: 1 | N57: 1
B58: 57 | C58: محمد | D58: ولایتی | E58: 28 | F58: 84 | G58: 9 | H58: ترمیمی | J58: 1 | M58: 1 | Q58: توسط برادر خزایی رسیدگی شود مرمر
B59: 58 | C59: حسن | D59: نظری | E59: 28 | F59: 80 | G59: 9 | H59: ترمیمی | J59: 1 | M59: 1 | Q59: مرمر
B60: 59 | C60: موسی | D60: محمدی | E60: 28 | F60: 75 | G60: 9 | H60: ترمیمی | J60: 1 | M60: 1 | Q60: مرمر
B61: 60 | C61: محسن | D61: نوبخت | E61: 28 | F61: 74 | G61: 9 | H61: ترمیمی | J61: 1 | M61: 1
B62: 61 | C62: *** | D62: شهید گمنام | E62: 28 | F62: 67 | G62: 8 | H62: ؟ | Q62: توسط برادر احدزاده رسیدگی شود
B63: 62 | C63: محمد | D63: دانش راد | E63: 28 | F63: 67 | G63: 7 | H63: ترمیمی | J63: 1 | M63: 1 | Q63: توسط برادر خزایی رسیدگی شود مرمر
B64: 63 | C64: حسن | D64: قاسمی | E64: 28 | F64: 81 | G64: 5 | H64: ترمیمی | J64: 1 | M64: 1 | Q64: مرمر
B65: 64 | C65: داوود | D65: حسینی | E65: 28 | F65: 78 | G65: 5 | H65: ترمیمی | J65: 1 | M65: 1
B66: 65 | C66: مجید | D66: مقدس | E66: 28 | F66: 62 | G66: 5 | H66: ترمیمی | J66: 1 | M66: 1
B67: 66 | C67: داریوش | D67: اصغری | E67: 28 | F67: 72 | G67: 4 | H67: ترمیمی | J67: 1 | M67: 1 | Q67: مرمر
B68: 67 | C68: ناصر | D68: حمزه | E68: 28 | F68: 83 | G68: 4 | H68: تعویض | I68: 1 | N68: 1
B69: 68 | C69: سید اسماعیل | D69: حسینی ماهینی | E69: 28 | F69: 76 | G69: 4 | H69: ترمیمی | J69: 1 | M69: 1 | Q69: مرمر
B70: 69 | C70: عباس | D70: صادقی | E70: 28 | F70: 74 | G70: 4 | H70: ترمیمی | J70: 1 | Q70: توسط برادر خزایی رسیدگی شود
B71: 70 | C71: حمید | D71: ولی زاده | E71: 28 | F71: 71 | G71: 4 | H71: تعویض | I71: 1 | N71: 1
B72: 71 | C72: حسن | D72: گل آور فرد | E72: 28 | F72: 70 | G72: 4 | H72: ترمیمی | J72: 1 | M72: 1 | Q72: توسط برادر خزایی رسیدگی شود مرمر
B73: 72 | C73: محمود | D73: قربانی | E73: 28 | F73: 66 | G73: 2 | H73: ؟ | Q73: توسط برادر احدزاده رسیدگی شود
B74: 73 | C74: عباس | D74: نانکلی | E74: 28 | F74: 81 | G74: 1 | H74: تعویض | I74: 1 | N74: 1
B75: 74 | C75: کاظم | D75: مهدوی | E75: 28 | H75: تعویض | I75: 1 | N75: 1
B76: 75 | C76: مرتضی | D76: زواره ابراهیمی | E76: 28 | F76: 90 | G76: 1 | H76: تعویض | I76: 1 | N76: 1
B77: 76 | C77: علی ابوالحسن | D77: تفرشی | E77: 28 | F77: 90 | G77: 1 | H77: تعویض | I77: 1 | N77: 1
B78: 77 | C78: رضا | D78: سنگتراش ها | E78: 28 | F78: 1 | G78: 87 | H78: تعویض | I78: 1 | N78: 1 | Q78: توسط برادر خزایی رسیدگی شود
B79: 78 | C79: حمید | D79: ابراهیمی | E79: 28 | F79: 89 | G79: 1 | H79: ترمیمی | I79: 0 | J79: 1 | M79: 1 | N79: 0
B80: 79 | C80: محمد | D80: فرزانه | E80: 28 | F80: 91 | G80: 1 | H80: تعویض | I80: 1 | N80: 1
B81: 80 | C81: داود | D81: دایی بابا | E81: 28 | F81: 94 | G81: 1 | H81: ترمیمی | J81: 1 | Q81: توسط برادر خزایی رسیدگی شود
B82: 81 | C82: محمد حسین | D82: گرجی | E82: 28 | F82: 3 | G82: 1 | H82: تعویض | I82: 1 | N82: 1
B83: 82 | C83: هادی | D83: خرمی | E83: 28 | F83: 101 | G83: 3 | H83: تعویض | I83: 1 | N83: 1 | Q83: توسط برادر خزایی رسیدگی شود
B84: 83 | C84: یحیی | D84: رحمتی | E84: 28 | H84: ترمیمی | J84: 1
B85: 84 | C85: علی | D85: جعفری | E85: 28 | F85: 99 | G85: 3 | H85: ترمیمی | J85: 1 | M85: 1 | Q85: مرمر
B86: 85 | C86: تیمور | D86: بختیاری | E86: 28 | F86: 98 | G86: 3 | H86: ترمیمی | J86: 1 | M86: 1
B87: 86 | C87: مجید | D87: یزدی | E87: 28 | F87: 98 | G87: 3 | H87: ؟ | Q87: توسط برادر احدزاده رسیدگی شود
B88: 87 | C88: علی | D88: کریمی | E88: 28 | F88: 99 | G88: 3 | H88: ؟ | Q88: توسط برادر احدزاده رسیدگی شود
B89: 88 | C89: محمود | D89: قدیری بیان | E89: 28 | F89: 96 | G89: 3 | H89: تعویض | I89: 1 | N89: 1
B90: 89 | C90: احمد | D90: سرخابی | E90: 28 | F90: 91 | G90: 3 | H90: ترمیمی | J90: 1 | M90: 1 | Q90: مرمر
B91: 90 | C91: رضا | D91: امارم | E91: 28 | H91: ؟ | Q91: توسط برادر احدزاده رسیدگی شود
B92: 91 | C92: محمد رضا | D92: ساسانی کلوری | E92: 28 | F92: 88 | G92: 4 | H92: ترمیمی | J92: 1
B93: 92 | C93: ابوالفضل | D93: حاج آقاسی | E93: 28 | F93: 98 | G93: 3 | H93: تعویض | I93: 1 | N93: 1 | Q93: توسط برادر خزایی رسیدگی شود
B94: 93 | C94: رضا | D94: سپیده دم | E94: 28 | F94: 102 | G94: 3 | H94: ترمیمی | J94: 1 | Q94: مرمر
B95: 94 | C95: حمیدرضا | D95: جلالی | E95: 28 | F95: 97 | G95: 4 | H95: ؟ | Q95: توسط برادر احدزاده رسیدگی شود
B96: 95 | C96: اکبر | D96: اسدی | E96: 28 | F96: م114 | G96: 5 | I96: 1 | M96: 1
B97: 96 | C97: عیسی | D97: برزه کار | E97: 28 | F97: 104 | G97: 5 | H97: تعویض | I97: 1 | N97: 1 | Q97: توسط برادر خزایی رسیدگی شود
B98: 97 | C98: مهدی | D98: نظری | E98: 28 | F98: 89 | G98: 5 | H98: تعویض | I98: 1 | N98: 1
B99: 98 | C99: سید جمال | D99: زارع | E99: 28 | F99: 98 | G99: 7 | H99: ترمیمی | J99: 1 | M99: 1
B100: 99 | C100: محمد مهدی | D100: حاج عبدالله مجید | E100: 28 | F100: 105 | G100: 6 | H100: ؟ | Q100: توسط برادر احدزاده رسیدگی شود
...

Sheet قطعه 29
C1: نام | D1: نام خانوادگی | E1: قطعه | F1: ردیف | G1: شماره | H1: ترمیم /تعویض | I1: تعویضی | J1: مرمتی | K1: ارسال به واحد مرمت | L1: سنگ مرمتی آماده | M1: نصب مرمتی شده | N1: ارسال به واحد تعویض | O1: سنگ تعویضی آماده | P1: تعویضی نصب شده | Q1: توضیحات
B2: 1 | C2: مهدی | D2: وکیلی | E2: 29 | F2: 41 | G2: 3 | H2: ترمیمی | J2: 1 | M2: 1
B3: 2 | C3: عباس | D3: خظابی | E3: 29 | F3: 4 | G3: 4 | H3: ترمیمی | J3: 1 | M3: 1
B4: 3 | C4: سلمان | D4: عباسقلی پور | E4: 29 | F4: 42 | G4: 3 | H4: ترمیمی | J4: 1 | M4: 1
B5: 4 | C5: علیرضا | D5: مقصودی | E5: 29 | F5: 5 | G5: 5 | H5: ترمیمی | J5: 1 | M5: 1
B6: 5 | C6: مسعود | D6: شیخ بابایی | E6: 29 | F6: 16 | G6: 3 | H6: ترمیمی | J6: 1 | M6: 1
B7: 6 | C7: فرهنگ | D7: طاهری نیا | E7: 29 | F7: 17 | G7: 4 | H7: ترمیمی | J7: 1 | M7: 1
B8: 7 | C8: مصطفی | D8: آقاجانی | E8: 29 | F8: 11 | G8: 3 | H8: ترمیمی | J8: 1 | M8: 1
B9: 8 | C9: بهرام | D9: بینایی مقدم | E9: 29 | F9: 7 | G9: 3 | H9: ترمیمی | J9: 1
B10: 9 | C10: محمد | D10: اسحقی | E10: 29 | F10: 20 | G10: 4 | H10: ترمیمی | J10: 1 | M10: 1 | P10: 1
B11: 10 | C11: عارف | D11: محمدتقی رجبی | E11: 29 | F11: 45 | G11: 1 | H11: تعویضی | I11: 1 | Q11: علوی
B12: 11 | C12: عباس | D12: صحرایی | E12: 29 | F12: 1 | G12: 6 | H12: ترمیمی | J12: 1 | M12: 1
B13: 12 | C13: سعید | D13: وقایعی | E13: 29 | F13: 23 | G13: 6 | H13: ترمیمی | J13: 1 | Q13: ترمیم شود در صورت نیاز تعویض شود.
B14: 13 | C14: عباسعلی | D14: ابراهیم آبادی | E14: 29 | F14: 18 | G14: 6 | H14: ترمیمی | J14: 1 | M14: 1
B15: 14 | C15: جلال | D15: میربیگی | E15: 29 | F15: 12 | G15: 6 | H15: ترمیمی | J15: 1 | M15: 1
B16: 15 | C16: غلامعلی | D16: اسد بروجردی | E16: 29 | F16: 17 | G16: 6 | H16: ترمیمی | J16: 1 | M16: 1
B17: 16 | C17: شکرالله | D17: محسنی | E17: 29 | F17: 15 | G17: 6 | H17: ترمیمی | J17: 1 | M17: 1
B18: 17 | C18: مسعود | D18: حکیم الهی | E18: 29 | F18: 19 | G18: 5 | H18: ترمیمی | J18: 1 | M18: 1
B19: 18 | C19: ولی الله | D19: عباسی | E19: 29 | F19: 21 | G19: 5 | H19: ترمیمی | J19: 1 | M19: 1
B20: 19 | C20: محمدرضا | D20: الیکایی آهاری | E20: 29 | F20: 15 | G20: 5 | H20: ترمیمی | J20: 1 | M20: 1
B21: 20 | C21: اصغر | D21: قرایی | E21: 29 | F21: 31 | G21: 2 | H21: ترمیمی | J21: 1 | M21: 1
B22: 21 | C22: علیرضا | D22: برجعلی خانی | E22: 29 | F22: 17 | G22: 5 | H22: ترمیمی | J22: 1 | M22: 1
B23: 22 | C23: مصطفی | D23: روشنایی | E23: 29 | F23: 8 | G23: 4 | H23: ترمیمی | J23: 1 | M23: 1
B24: 23 | C24: امیر | D24: جلوداری | E24: 29 | F24: 52 | G24: 3 | H24: ترمیمی | J24: 1 | M24: 1
B25: 24 | C25: محمود | D25: زمانی | E25: 29 | F25: 26 | G25: 3 | H25: ترمیمی | J25: 1 | M25: 1
... B32: 31 | C32: غلامرضا | D32: حدادی | E32: 29 | F32: 11 | G32: 5 | H32: ترمیمی | J32: 1 | M32: 1
B33: 32 | C33: مجید | D33: مداح | E33: 29 | F33: 47 | G33: 3 | H33: تعویضی | I33: 1
B34: 33 | C34: محمدرضا | D34: عطارباش | E34: 29 | F34: 5 | G34: 3 | H34: ترمیمی | J34: 1 | M34: 1
B35: 34 | C35: ابراهیم | D35: نوری | E35: 29 | F35: 37 | G35: 4 | H35: ترمیمی | J35: 1 | M35: 1
B36: 35 | C36: امیر | D36: سنجرنیشابوری | E36: 29 | F36: 3 | G36: 3 | H36: ترمیمی | J36: 1 | M36: 1
B37: 36 | C37: رضا | D37: علی محمدی | E37: 29 | F37: 18 | G37: 5 | H37: ترمیمی | J37: 1 | M37: 1
B38: 37 | C38: احمد | D38: زند کریم خانی | E38: 29 | F38: 5 | G38: 5 | H38: تعویضی | I38: 1 | P38: 1 | Q38: سنگ ساخته شده و در عکس زنی می باشد.
B39: 38 | C39: محمد تقی | D39: رحمانی | E39: 29 | F39: 35 | G39: 1 | H39: تعویضی | I39: 1 | P39: 1
B40: 39 | C40: رضا | D40: کشور دوست | E40: 29 | F40: 1 | G40: 2 | H40: تعویضی | I40: 1 | P40: 1
B41: 40 | C41: امیر عباس | D41: جعفرزاده | E41: 29 | F41: 9 | G41: 2 | H41: تعویضی | I41: 1 | P41: 1
B42: 41 | C42: کاظم | D42: فولادی | E42: 29 | F42: 20 | G42: 2 | H42: تعویضی | I42: 1 | P42: 1
B43: 42 | C43: حسین | D43: میرزائی نیا | E43: 29 | F43: 43 | G43: 3 | H43: تعویضی | I43: 1 | P43: 1
B44: 43 | C44: مجتبی | D44: سرنامی | E44: 29 | F44: 46 | G44: 3 | H44: تعویضی | I44: 1 | P44: 1
B45: 44 | C45: جمشید | D45: محمدی | E45: 29 | F45: 21 | G45: 4 | H45: تعویضی | I45: 1 | P45: 1
B46: 45 | C46: رضا | D46: شعیبی | E46: 29 | F46: 38 | G46: 4 | H46: تعویضی | I46: 1 | P46: 1
B47: 46 | C47: داوود | D47: اشرفی رهقی | E47: 29 | F47: 25 | G47: 5 | H47: تعویضی | I47: 1 | P47: 1
B48: 47 | C48: اکبر | D48: طاهری | E48: 29 | F48: 37 | G48: 6 | H48: تعویضی | I48: 1 | P48: 1
B49: 48 | C49: ایوب | D49: رمضانی | E49: 29 | F49: 40 | G49: 6 | H49: تعویضی | I49: 1 | P49: 1
B50: 49 | C50: علیرضا | D50: مهاجری | E50: 29 | F50: 41 | G50: 6 | H50: تعویضی | I50: 1 | P50: 1
... B53: 52 | C53: علی اکبر | D53: احمدی | E53: 29 | F53: 48 | G53: 6 | H53: تعویضی | I53: 1 | P53: 1
B54: 53 | C54: ابوالقاسم | D54: بنی هاشمی | E54: 29 | F54: 16 | G54: 2 | H54: تعویضی | I54: 1
A55: وضعیت سنگ چک | B55: 54 | C55: علی | D55: اشرفی رهقی | E55: 29 | F55: 26 | G55: 5 | H55: ؟ | Q55: چک شود
A56: چک | B56: 55 | C56: محمد | D56: شهبازی فراهانی | E56: 29 | F56: 42 | G56: 4 | H56: تعویضی | I56: 1
B57: 56 | C57: علی اصغر | D57: مهاجر محمود حق | E57: 29 | F57: 79 | G57: 2 | H57: ترمیمی | J57: 1 | M57: 1
B58: 57 | C58: شاهپور | D58: ترکمنی | E58: 29 | F58: 77 | G58: 2 | H58: ترمیمی | J58: 1 | M58: 1
B59: 58 | C59: علی اکبر | D59: محمدنژاد | E59: 29 | F59: 73 | G59: 2 | H59: ترمیمی | J59: 1 | M59: 1
B60: 59 | C60: یداله | D60: عبیری | E60: 29 | F60: 85 | G60: 2 | H60: ترمیمی | J60: 1 | M60: 1
B61: 60 | C61: جعفر | D61: کرمی | E61: 29 | F61: 88 | G61: 2 | H61: ترمیمی | J61: 1 | M61: 1
B62: 61 | C62: جواد | D62: بنایی زاده | E62: 29 | F62: 93 | G62: 2 | H62: ترمیمی | J62: 1 | M62: 1
B63: 62 | C63: جلال | D63: مهدیخانی | E63: 29 | F63: 112 | G63: 2 | H63: ترمیمی | J63: 1 | M63: 1
B64: 63 | C64: غلامحسین | D64: تاجیک | E64: 29 | F64: 103 | G64: 2 | H64: ترمیمی | J64: 1 | M64: 1
B65: 64 | C65: علیرضا | D65: رجبی | E65: 29 | F65: 64 | G65: 1 | H65: ترمیمی | J65: 1 | M65: 1
B66: 65 | C66: محمد | D66: تحصیلی | E66: 29 | F66: 86 | G66: 1 | H66: ترمیمی | J66: 1 | M66: 1
B67: 66 | C67: حسین | D67: ظهوریان | E67: 29 | F67: 76 | G67: 6 | H67: ترمیمی | J67: 1 | M67: 1
B68: 67 | C68: محمدرضا | D68: پورادکار | E68: 29 | F68: 60 | G68: 6 | H68: ترمیمی | J68: 1 | M68: 1
B69: 68 | C69: محمد | D69: ذبیح علی بخشی | E69: 29 | F69: 97 | G69: 5 | H69: ترمیمی | J69: 1
B70: 69 | C70: رحمان | D70: یاراحمدی | E70: 29 | F70: 88 | G70: 5 | H70: ترمیمی | J70: 1 | M70: 1
B71: 70 | C71: عبدالعظیم | D71: رمضانی | E71: 29 | F71: 83 | G71: 6 | H71: ترمیمی | J71: 1 | M71: 1
B72: 71 | C72: محمدمهدی | D72: یاری | E72: 29 | F72: 111 | G72: 3 | H72: ترمیمی | J72: 1 | Q72: خانواده گفته اند دست نخورد
B73: 72 | C73: علی | D73: کشاورز | E73: 29 | F73: 109 | G73: 6 | H73: ترمیمی | J73: 1 | Q73: خانواده گفته اند دست نخورد
B74: 73 | C74: حسین | D74: میرشفیعی | E74: 29 | F74: 96 | G74: 5 | H74: ترمیمی | J74: 1 | M74: 1
B75: 74 | C75: داریوش | D75: سلطانی | E75: 29 | F75: 86 | G75: 6 | H75: ترمیمی | J75: 1 | M75: 1
B76: 75 | C76: محمد | D76: صالحی | E76: 29 | F76: 78 | G76: 6 | H76: ترمیمی | J76: 1 | M76: 1
B77: 76 | C77: سعید | D77: عباسی | E77: 29 | F77: 85 | G77: 1 | H77: ترمیمی | J77: 1 | M77: 1
B78: 77 | C78: رضا | D78: فرصیاد | E78: 29 | F78: 110 | G78: 3 | H78: ترمیمی | J78: 1 | M78: 1
B79: 78 | C79: سیاوش | D79: قویدل | E79: 29 | F79: 79 | G79: 3 | H79: ترمیمی | J79: 1 | M79: 1
B80: 79 | C80: سیف اله | D80: دوست محمدی | E80: 29 | F80: 87 | G80: 3 | H80: ترمیمی | J80: 1 | M80: 1
B81: 80 | C81: بهمن | D81: عدلی یکتا | E81: 29 | F81: 85 | G81: 5 | H81: ترمیمی | J81: 1 | M81: 1
B82: 81 | C82: مصطفی | D82: عسگری | E82: 29 | F82: 81 | G82: 3 | H82: ترمیمی | J82: 1 | M82: 1
B83: 82 | C83: حمیدرضا | D83: کوثری | E83: 29 | F83: 108 | G83: 3 | H83: ترمیمی | J83: 1 | M83: 1
B84: 83 | C84: امیرحسین | D84: ناطق | E84: 29 | F84: 73 | G84: 4 | H84: ترمیمی | J84: 1 | M84: 1
B85: 84 | C85: میراحمد | D85: حسینی | E85: 29 | F85: 83 | G85: 3 | H85: تعویضی | I85: 1 | P85: 1
B86: 85 | C86: اسماعیل | D86: محمودی یکتا | E86: 29 | F86: 66 | G86: 2 | H86: ترمیمی | J86: 1 | M86: 1
B87: 86 | C87: علی اصغر | D87: جلمبانی | E87: 29 | F87: 70 | G87: 2 | H87: ترمیمی | J87: 1 | M87: 1
B88: 87 | C88: یوسف | D88: جعفرنیا دابانلو | E88: 29 | F88: 87 | G88: 2 | H88: تعویضی | I88: 1 | P88: 1
B89: 88 | C89: مهدی | D89: شیری آق باش | E89: 29 | F89: 106 | G89: 2 | H89: تعویضی | I89: 1
B90: 89 | C90: جعفر علی | D90: گروسی | E90: 29 | F90: 146 | G90: 5 | H90: ترمیمی | J90: 1 | M90: 1
B91: 90 | C91: حسین | D91: آرویی | E91: 29 | H91: ترمیمی | J91: 1 | M91: 1
B92: 91 | C92: یعقوب | D92: نجف زاده | E92: 29 | F92: 144 | G92: 2 | H92: تعویضی | I92: 1 | P92: 1
B93: 92 | C93: علی اکبر | D93: حسن بیگی | E93: 29 | F93: 138 | G93: 2 | H93: تعویضی | I93: 1 | P93: 1
B94: 93 | C94: رامین | D94: ابراهیمی | E94: 29 | F94: 130 | G94: 3 | H94: تعویضی | I94: 1 | P94: 1
B95: 94 | C95: سیدمحمد | D95: مجتبی زاده | E95: 29 | F95: 3 | G95: 145 | H95: تعویضی | I95: 1 | P95: 1
B96: 95 | C96: بهروز | D96: نوری نیری | E96: 29 | F96: 134 | G96: 6 | H96: تعویضی | I96: 1 | P96: 1
B97: 96 | C97: *** | D97: شهید گمنام | E97: 29 | F97: 123 | G97: 1 | H97: تعویضی | I97: 1 | P97: 1
B98: 97 | C98: *** | D98: شهید گمنام | E98: 29 | F98: 152 | G98: 6 | H98: تعویضی | I98: 1 | P98: 1
B99: 98 | C99: فرهاد | D99: قربانعلی | E99: 29 | F99: 150 | G99: 4 | H99: تعویضی | I99: 1 | P99: 1
B100: 99 | C100: علیرضا | D100: بادفر | E100: 29 | F100: 138 | G100: 6 | H100: تعویضی | I100: 1 | P100: 1
B101: 100 | C101: قاسم | D101: نصرالهی | E101: 29 | F101: 5 | G101: 12 | H101: ترمیمی | J101: 1 | M101: 1
B102: 101 | C102: حسین | D102: نورالهی | E102: 29 | F102: 8 | G102: 11 | H102: ترمیمی | J102: 1 | M102: 1
B103: 102 | C103: محسن | D103: دین شعاری | E103: 29 | F103: 3 | G103: 9 | H103: ترمیمی | J103: 1 | M103: 1
B104: 103 | C104: سعید | D104: دشتی | E104: 29 | H104: ترمیمی | J104: 1 | M104: 1
B105: 104 | C105: عبداله | D105: نطاق پور نوری | E105: 29 | F105: 3 | G105: 8 | H105: ترمیمی | J105: 1 | M105: 1
B106: 105 | C106: علی | D106: طباطبایی نژاد | E106: 29 | F106: 13 | G106: 9 | H106: ترمیمی | J106: 1 | M106: 1
B107: 106 | C107: محمد | D107: ملکی | E107: 29 | F107: 10 | G107: 7 | H107: ترمیمی | J107: 1 | M107: 1
B108: 107 | C108: فرهنگ | D108: محمدی | E108: 29 | F108: 11 | G108: 7 | H108: ترمیمی | J108: 1 | M108: 1
...

Sheet قطعه 40
B1: ردیف | C1: نام | D1: نام خانوادگی | E1: قطعه | F1: ردیف | G1: شماره | H1: ترمیم /تعویض | I1: تعویضی | J1: مرمتی | K1: ارسال به واحد مرمت | L1: سنگ مرمتی آماده | M1: نصب مرمتی شده | N1: ارسال به واحد تعویض | O1: سنگ تعویضی آماده | P1: تعویضی نصب شده | Q1: توضیحات
B2: 1 | C2: موسی | D2: جوادی | E2: 40 | F2: 11 | G2: 10 | H2: ترمیمی | J2: 1 | M2: 1
B3: 2 | C3: محمود | D3: باقری | E3: 40 | F3: 5 | G3: 10 | H3: ترمیمی | J3: 1 | M3: 1
B4: 3 | C4: خسرو | D4: دستگیر سازی منفرد | E4: 40 | F4: 30 | G4: 1 | H4: ترمیمی | J4: 1 | Q4: نشده
B5: 4 | C5: حسن (منصور) | D5: ارباب زاده | E5: 40 | F5: 32 | G5: 3 | H5: ترمیمی | J5: 1 | M5: 1 | Q5: شده
B6: 5 | C6: حمید | D6: کریمی | E6: 40 | F6: 32 | G6: 5 | H6: ترمیمی | J6: 1 | M6: 1
B7: 6 | C7: محمدباقر(علی) | D7: یزدی | E7: 40 | F7: 26 | G7: 4 | H7: تعویضی | I7: 1 | P7: 1
B8: 7 | C8: محب علی | D8: نباتی | E8: 40 | H8: تعویضی | I8: 1 | P8: 1
B9: 8 | C9: رضا | D9: جعفری | E9: 40 | F9: 75 | G9: 20 | H9: ترمیمی | J9: 1 | Q9: نشده
B10: 9 | C10: مجتبی | D10: میرزائی | E10: 40 | F10: 23 | G10: 10 | H10: ترمیمی | J10: 1 | M10: 1
B11: 10 | C11: حسین | D11: دهرویه | E11: 40 | F11: 48 | G11: 12 | H11: تعویضی | I11: 1 | Q11: نشده
B12: 11 | C12: مصطفی | D12: هاشمی | E12: 40 | F12: 51 | G12: 12 | H12: ترمیمی | J12: 1 | Q12: نشده
B13: 12 | C13: محمود | D13: نصیری اسفندآبادی | E13: 40 | F13: 48 | G13: 11 | H13: تعویضی | I13: 1 | P13: 1 | Q13: انجام شد
B14: 13 | C14: علیرضا | D14: سرهنگ خانلری | E14: 40 | F14: 40 | G14: 11 | H14: تعویضی | I14: 1 | P14: 1 | Q14: انجام شد
B15: 14 | C15: محی الدین | D15: خانی فرسنگی | E15: 40 | F15: 38 | G15: 10 | H15: تعویضی | I15: 1 | P15: 1 | Q15: انجام شد
B16: 15 | C16: حمید | D16: محمد بیگی | E16: 40 | F16: 87 | G16: 11 | H16: تعویضی | I16: 1 | P16: 1
B17: 16 | C17: مرتضی | D17: براتی | E17: 40 | F17: 97 | G17: 12 | H17: تعویضی | I17: 1 | P17: 1
B18: 17 | C18: سید سعید | D18: سید فرشچیان | E18: 40 | F18: 43 | G18: 11 | H18: تعویضی | I18: 1
B19: 18 | C19: ناصر | D19: چابکی | E19: 40 | F19: 46 | G19: 10 | H19: ترمیمی | J19: 1 | M19: 1
B20: 19 | C20: عادل | D20: سلجوقی | E20: 40 | F20: 44 | G20: 7 | H20: ترمیمی | J20: 1 | Q20: نیازی ندارد
B21: 20 | C21: مالک | D21: ابریشم | E21: 40 | F21: 49 | G21: 5 | H21: ترمیمی | J21: 1 | Q21: نیازی ندارد
B22: 21 | C22: احمد | D22: قاسمی نژاد کرمانی | E22: 40 | F22: 50 | G22: 5 | H22: ترمیمی | J22: 1 | M22: 1 | Q22: کتیبه شهید نیز ترمیم شد
B23: 22 | C23: حمیدرضا | D23: طاهر حکاک | E23: 40 | F23: 51 | G23: 4 | H23: ترمیمی | J23: 1 | M23: 1
B24: 23 | C24: مجید | D24: قلی پور | E24: 40 | F24: 22 | G24: 4 | H24: ترمیمی | J24: 1 | Q24: نشده
B25: 24 | C25: حسن | D25: خلج | E25: 40 | F25: 48 | H25: تعویضی | I25: 1 | N25: 1 | Q25: سنگ جدید عینا مطابق قبلی ساخته شود
B26: 25 | C26: محمد رضا | D26: حیدر نژاد | E26: 40 | F26: 47 | G26: 3 | H26: ترمیمی | J26: 1 | Q26: نشده
B27: 26 | C27: محمد | D27: اروجعلی زاده | E27: 40 | F27: 49 | G27: 1 | H27: ترمیمی | J27: 1 | M27: 1
B28: 27 | C28: فرامرز | D28: حسنی علیایی | E28: 40 | F28: 65 | G28: 1 | H28: ترمیمی | J28: 1 | Q28: نشده
B29: 28 | C29: صمد | D29: نجفی | E29: 40 | F29: 64 | G29: 1 | H29: تعویضی | I29: 1 | P29: 1
B30: 29 | C30: یوسف | D30: متقی اصل | E30: 40 | F30: 66 | G30: 2 | H30: ترمیمی | J30: 1 | Q30: نشده
B31: 30 | C31: ناصر | D31: بهرامی | E31: 40 | F31: 43 | G31: 2 | H31: ترمیمی | J31: 1 | Q31: نشده
B32: 31 | C32: بیوک | D32: خندان | E32: 40 | F32: 62 | G32: 2 | H32: تعویضی | I32: 1 | O32: 1 | Q32: نصب نشده است به علت چاپ تصویر روی سنگ
B33: 32 | C33: علی | D33: شریفی نژاد | E33: 40 | F33: 58 | G33: 1 | H33: تعویضی | I33: 1 | P33: 1
B34: 33 | C34: محرم علی | D34: جعفری | E34: 40 | F34: 133 | G34: 2 | H34: تعویضی | I34: 1 | Q34: سنگ خاص بوده از مدیر بهسازی پیگیری شود
B35: 34 | C35: وحید | D35: فرخ نظر | E35: 40 | F35: 120 | G35: 6 | H35: تعویضی | I35: 1
B36: 35 | C36: احمد | D36: پور بقائی لنگرودی | E36: 40 | F36: 57 | G36: 2 | H36: تعویضی | I36: 1 | P36: 1
B37: 36 | C37: شهرام | D37: شهید ثالت | E37: 40 | F37: 53 | G37: 2 | H37: تعویضی | I37: 1 | Q37: نشده
B38: 37 | C38: حسن | D38: زارع طوافی | E38: 40 | F38: 53 | G38: 3 | H38: ترمیمی | J38: 1 | M38: 1
B39: 38 | C39: ابراهیم | D39: کرد | E39: 40 | F39: 55 | G39: 4 | H39: تعویضی | I39: 1
B40: 39 | C40: رضا | D40: همتی | E40: 40 | F40: 57 | G40: 4 | H40: تعویضی | I40: 1
B41: 40 | C41: فرهاد | D41: بابازاده | E41: 40 | F41: 61 | G41: 4 | H41: تعویضی | I41: 1
B42: 41 | C42: محمد | D42: پلنگی | E42: 40 | F42: 63 | G42: 4 | H42: تعویضی | I42: 1
B43: 42 | C43: ابراهیم | D43: شکوری | E43: 40 | H43: تعویضی | I43: 1
B44: 43 | C44: غلامرضا | D44: سلیم آبادی فراهانی | E44: 40 | F44: 67 | G44: 4 | H44: ترمیمی | J44: 1 | Q44: نشده
B45: 44 | C45: اسماعیل | D45: احدی | E45: 40 | F45: 61 | G45: 5 | H45: تعویضی | I45: 1
B46: 45 | C46: مجید | D46: داداشی چاری | E46: 40 | F46: 57 | G46: 5 | H46: تعویضی | I46: 1
B47: 46 | C47: محمدعلی | D47: جوزانی کهن | E47: 40 | F47: 53 | G47: 5 | H47: ترمیمی | J47: 1 | Q47: نشده
B48: 47 | C48: قدیر علی | D48: حاتمی | E48: 40 | F48: 54 | G48: 6 | H48: ترمیمی | J48: 1 | Q48: نشده
B49: 48 | C49: سیدمهدی | D49: رضوی | E49: 40 | F49: 55 | G49: 6 | H49: ترمیمی | J49: 1 | Q49: نشده
B50: 49 | C50: احمد | D50: کشاورز صفی | E50: 40 | F50: 60 | G50: 7 | H50: تعویضی | I50: 1
B51: 50 | C51: قدرت اله | D51: شاهوردیلو | E51: 40 | F51: 59 | G51: 7 | H51: ترمیمی | J51: 1 | Q51: نشده
B52: 51 | C52: کامران | D52: قربانی | E52: 40 | F52: 52 | G52: 8 | H52: تعویضی | I52: 1 | P52: 1 | Q52: انجام شد
B53: 52 | C53: مهدی | D53: دونفری | E53: 40 | F53: 56 | G53: 8 | H53: ترمیمی | J53: 1 | Q53: نشده
B54: 53 | C54: مسعود | D54: چقائی | E54: 40 | F54: 64 | G54: 8 | H54: ترمیمی | J54: 1 | Q54: نشده
B55: 54 | C55: اصغر | D55: محمد نژاد | E55: 40 | F55: 54 | G55: 10 | H55: ترمیمی | J55: 1 | Q55: نشده
B56: 55 | C56: سعید | D56: حبیب الهیان | E56: 40 | F56: 61 | G56: 10 | H56: تعویضی | I56: 1 | P56: 1 | Q56: انجام شد
B57: 56 | C57: رضا | D57: رحمانی گرجی | E57: 40 | F57: 63 | G57: 11 | H57: تعویضی | I57: 1
B58: 57 | C58: مهدی | D58: سنجرانی | E58: 40 | F58: 64 | G58: 12 | H58: تعویضی | I58: 1 | P58: 1
B59: 58 | C59: محمد رضا | D59: کشفی اصل | E59: 40 | F59: 52 | G59: 12 | H59: تعویضی | I59: 1 | P59: 1 | Q59: انجام شد
B60: 59 | C60: رامین | D60: قاجار | E60: 40 | F60: 3 | G60: 18 | H60: ترمیمی | J60: 1 | Q60: نیازی ندارد
B61: 60 | C61: مصطفی | D61: حسین پرست | E61: 40 | F61: 2 | G61: 20 | H61: ترمیمی | J61: 1 | Q61: نیازی ندارد
B62: 61 | C62: جعفر | D62: خواجه | E62: 40 | F62: 6 | G62: 22 | H62: تعویضی | I62: 1
B63: 62 | C63: حسین | D63: اسماعیلی | E63: 40 | F63: 17 | G63: 14 | H63: ترمیمی | J63: 1 | Q63: نشده
B64: 63 | C64: حمیدرضا | D64: شکارچی | E64: 40 | F64: 10 | G64: 22 | H64: ترمیمی | J64: 1 | M64: 1
B65: 64 | C65: جعفر | D65: شعبانپور | E65: 40 | F65: 14 | G65: 23 | H65: ترمیمی | J65: 1 | Q65: نشده
B66: 65 | C66: بهرام | D66: رصاف | E66: 40 | F66: 22 | G66: 23 | H66: ترمیمی | J66: 1 | M66: 1
B67: 66 | C67: ناصر | D67: زارعی | E67: 40 | F67: 25 | G67: 23 | H67: ترمیمی | J67: 1 | M67: 1
B68: 67 | C68: سیدمحسن | D68: بنی هاشمیان | E68: 40 | F68: 22 | G68: 21 | H68: ترمیمی | J68: 1 | M68: 1
B69: 68 | C69: عباس | D69: گنجی دستجرده ای | E69: 40 | F69: 23 | G69: 21 | H69: ترمیمی | J69: 1 | Q69: نشده
B70: 69 | C70: محمد | D70: پسیانی | E70: 40 | F70: 26 | G70: 21 | H70: ترمیمی | J70: 1 | Q70: نیازی ندارد
B71: 70 | C71: محمد جواد | D71: حقیقی اشنی | E71: 40 | F71: 19 | G71: 23 | H71: ترمیمی | J71: 1 | M71: 1
B72: 71 | C72: حسنعلی | D72: فراست | E72: 40 | F72: 18 | G72: 15 | H72: ترمیمی | J72: 1 | M72: 1
B73: 72 | C73: مهدی | D73: حسنی کازاری | E73: 40 | F73: 20 | G73: 14 | H73: ترمیمی | J73: 1 | M73: 1
B74: 73 | C74: علی | D74: دهقان منشادی | E74: 40 | F74: 18 | G74: 13 | H74: ترمیمی | J74: 1 | Q74: نیازی ندارد
B75: 74 | C75: مهدی | D75: صفاپور | E75: 40 | F75: 46 | G75: 14 | H75: ترمیمی | J75: 1 | M75: 1
B76: 75 | C76: عباس | D76: رجائی | E76: 40 | F76: 51 | G76: 17 | H76: ترمیمی | J76: 1 | M76: 1
B77: 76 | C77: علی | D77: قدسی | E77: 40 | F77: 40 | G77: 20 | H77: ترمیمی | J77: 1 | M77: 1
B78: 77 | C78: داوود | D78: بابارحیم | E78: 40 | F78: 52 | G78: 23 | H78: ترمیمی | J78: 1 | Q78: نشده
B79: 78 | C79: *** | D79: شهید گمنام | E79: 40 | F79: 69 | G79: 22 | H79: تعویضی | I79: 1 | N79: 1
B80: 79 | C80: *** | D80: شهید گمنام | E80: 40 | H80: تعویضی | I80: 1 | N80: 1
B81: 80 | C81: منصور | D81: تقی زادگان | E81: 40 | H81: تعویضی | I81: 1
B82: 81 | C82: *** | D82: شهید گمنام | E82: 40 | H82: تعویضی | I82: 1 | N82: 1
B83: 82 | C83: سمیره | D83: خوش نمک | E83: 40 | F83: 59 | G83: 18 | H83: تعویضی | I83: 1 | P83: 1
B84: 83 | C84: فاطمه | D84: حاجی درویش | E84: 40 | F84: 80 | G84: 16 | H84: ترمیمی | J84: 1 | M84: 1
B85: 84 | C85: محمد | D85: گلبرگ غلامی | E85: 40 | F85: 78 | G85: 16 | H85: ترمیمی | J85: 1 | M85: 1
B86: 85 | C86: فاطمه | D86: بیات | E86: 40 | F86: 81 | G86: 19 | H86: ترمیمی | J86: 1 | M86: 1
B87: 86 | C87: مجید | D87: انصاری | E87: 40 | F87: 79 | G87: 21 | H87: ترمیمی | J87: 1 | M87: 1
B88: 87 | C88: سلطنت | D88: حاج کرمانشاهی | E88: 40 | F88: 81 | G88: 23 | H88: تعویضی | I88: 1
B89: 88 | C89: *** | D89: شهید گمنام | E89: 40 | H89: تعویضی | I89: 1 | N89: 1
B90: 89 | C90: بهروز | D90: طالبی | E90: 40 | F90: 102 | G90: 7 | H90: تعویضی | I90: 1
B91: 90 | C91: داود | D91: باقرزاده | E91: 40 | H91: ترمیمی | J91: 1 | M91: 1
B92: 91 | C92: حسن | D92: داران | E92: 40 | H92: تعویضی | I92: 1 | Q92: تصویر شهید برای سنگ جدید بهرام زاده دارد
B93: 92 | C93: محمد | D93: جهانی | E93: 40 | F93: 92 | G93: 21 | H93: ترمیمی | J93: 1 | Q93: نشده
B94: 93 | C94: قاسم | D94: یاراحمد | E94: 40 | F94: 95 | G94: 2 | H94: ترمیمی | J94: 1 | M94: 1
B95: 94 | C95: اژدر | D95: شکر پور مغانلو | E95: 40 | F95: 93 | G95: 20 | H95: ترمیمی | J95: 1 | M95: 1
B96: 95 | C96: رضا | D96: مسلمیان | E96: 40 | F96: 95 | G96: 14 | H96: ترمیمی | J96: 1 | M96: 1
B97: 96 | C97: جواد | D97: رحیمی | E97: 40 | F97: 93 | G97: 14 | H97: ترمیمی | J97: 1 | M97: 1
B98: 97 | C98: احد | D98: موحدی باشیر | E98: 40 | F98: 101 | G98: 13 | H98: ترمیمی | J98: 1 | Q98: نشده
B99: 98 | C99: علیرضا | D99: مهری مهرفر | E99: 40 | F99: 113 | G99: 13 | H99: تعویضی | I99: 1 | Q99: عکس روی سن به روی سنگ جدید نصب شود
B100: 99 | C100: سید رحیم | D100: حسینی | E100: 40 | F100: 109 | G100: 14 | H100: تعویضی | I100: 1 | Q100: عکس با هوش مصنوعی احیا و روی سنگ جدید حک شود
...

Sheet قطعه 53
B1: ردیف | C1: نام | D1: نام خانوادگی | E1: قطعه | F1: ردیف | G1: شماره | H1: ترمیم /تعویض | I1: تعویضی | J1: مرمتی | K1: ارسال به واحد مرمت | L1: سنگ مرمتی آماده | M1: نصب مرمتی شده | N1: ارسال به واحد تعویض | O1: سنگ تعویضی آماده | P1: تعویضی نصب شده | Q1: توضیحات
B2: 1 | C2: مرتضی | D2: سازمند | E2: 53 | F2: 153 | G2: 1 | H2: تعویضی | I2: 1 | P2: 1 | Q2: انجام شد
B3: 2 | C3: احمد | D3: غلام نژاد | E3: 53 | F3: 156 | G3: 2 | H3: تعویضی | I3: 1 | P3: 1 | Q3: انجام شد
B4: 3 | C4: عباس | D4: صفاریان نژاد | E4: 53 | F4: 172 | G4: 2 | H4: تعویضی | I4: 1 | P4: 1 | Q4: انجام شد
B5: 4 | C5: مصطفی | D5: رضائی اعلم | E5: 53 | F5: 176 | G5: 2 | H5: ترمیمی | J5: 1
B6: 5 | C6: بهروز | D6: آقا علی اکبری | E6: 53 | F6: 178 | G6: 2 | H6: تعویضی | I6: 1 | P6: 1 | Q6: انجام شد
B7: 6 | C7: طاهر | D7: نوبخت قره شیران | E7: 53 | F7: 158 | G7: 4 | H7: تعویضی | I7: 1 | P7: 1
B8: 7 | C8: محمدرضا | D8: سیفی | E8: 53 | F8: 165 | G8: 4 | H8: تعویضی | I8: 1 | P8: 1
B9: 8 | C9: حسین | D9: قلیچی | E9: 53 | F9: 59 | G9: 5 | H9: تعویضی | I9: 1 | P9: 1
B10: 9 | C10: اسرافیل | D10: آذرپندار | E10: 53 | F10: 168 | G10: 4 | H10: تعویضی | I10: 1 | P10: 1
B11: 10 | C11: مسعود | D11: عظیمی | E11: 53 | F11: 73 | G11: 4 | H11: تعویضی | I11: 1 | P11: 1
B12: 11 | C12: نظام الدین | D12: مرانکی | E12: 53 | F12: 172 | G12: 4 | H12: تعویضی | I12: 1 | P12: 1
B13: 12 | C13: محمدرضا | D13: رضوی خالقی | E13: 53 | F13: 180 | G13: 4 | H13: تعویضی | I13: 1 | P13: 1
B14: 13 | C14: حسین | D14: رضاخان | E14: 53 | F14: 164 | G14: 5 | H14: تعویضی | I14: 1 | P14: 1
B15: 14 | C15: قیس | D15: دانا | E15: 53 | F15: 157 | G15: 5 | H15: تعویضی | I15: 1 | P15: 1
B16: 15 | C16: محمد | D16: طاهری | E16: 53 | F16: 155 | G16: 6 | H16: تعویضی | I16: 1 | P16: 1
B17: 16 | C17: مجید | D17: میرزائی | E17: 53 | F17: 177 | G17: 7 | H17: تعویضی | I17: 1 | P17: 1 | Q17: انجام شد
B18: 17 | C18: رجبعلی | D18: بکشلو | E18: 53 | F18: 154 | G18: 8 | H18: تعویضی | I18: 1 | P18: 1 | Q18: انجام شد
B19: 18 | C19: محمد | D19: فروغی | E19: 53 | F19: 170 | G19: 8 | H19: تعویضی | I19: 1 | P19: 1
B20: 19 | C20: سعید | D20: کاووس همایونی | E20: 53 | F20: 175 | G20: 9 | H20: تعویضی | I20: 1 | P20: 1 | Q20: انجام شد
B21: 20 | C21: محمد | D21: یدرنجی اقدم | E21: 53 | F21: 153 | G21: 9 | H21: تعویضی | I21: 1 | P21: 1 | Q21: انجام شد
B22: 21 | C22: ابوالفضل | D22: فتحیان | E22: 53 | F22: 152 | G22: 10 | H22: تعویضی | I22: 1 | P22: 1
B23: 22 | C23: شعبان | D23: فرجی | E23: 53 | F23: 166 | G23: 11 | H23: تعویضی | I23: 1 | P23: 1 | Q23: انجام شد
B24: 23 | C24: یوسف | D24: ضیائی | E24: 53 | F24: 156 | G24: 11 | H24: تعویضی | I24: 1 | P24: 1 | Q24: انجام شد
B25: 24 | C25: ابوالفضل | D25: حاجی بیگی | E25: 53 | F25: 155 | G25: 11 | H25: تعویضی | I25: 1 | P25: 1
B26: 25 | C26: قدرت الله | D26: متین راسخ | E26: 53 | F26: 163 | G26: 12 | H26: تعویضی | I26: 1 | P26: 1 | Q26: انجام شد
B27: 26 | C27: الله وردی | D27: عالی نژاد | E27: 53 | F27: 167 | G27: 12 | H27: تعویضی | I27: 1 | P27: 1
B28: 27 | C28: رمضانعلی | D28: نوده فراهانی | E28: 53 | F28: 156 | G28: 13 | H28: تعویضی | I28: 1 | P28: 1
B29: 28 | C29: فرزاد | D29: توکلی | E29: 53 | F29: 155 | G29: 13 | H29: تعویضی | I29: 1 | P29: 1
B30: 29 | C30: نظرعلی | D30: میرآخوری | E30: 53 | F30: 168 | G30: 14 | H30: تعویضی | I30: 1 | P30: 1 | Q30: انجام شد
B31: 30 | C31: مهدی | D31: حاج محمد جعفر تهرانی | E31: 53 | F31: 179 | G31: 3 | H31: تعویضی | I31: 1 | J31: 0 | P31: 1
B32: 31 | C32: احمد | D32: حق لسان | E32: 53 | F32: 172 | G32: 3 | H32: ترمیمی | J32: 1
B33: 32 | C33: یعقوب | D33: منظم رازلیقی | E33: 53 | F33: 162 | G33: 3 | H33: تعویضی | I33: 1 | P33: 1
B34: 33 | C34: پرویز | D34: سعادتی | E34: 53 | F34: 162 | G34: 4 | H34: تعویضی | I34: 1 | J34: 0 | P34: 1
B35: 34 | C35: سعید | D35: جعفری | E35: 53 | F35: 177 | G35: 4 | H35: ترمیمی | J35: 1
B36: 35 | C36: محمدرضا | D36: ترامشلو | E36: 53 | F36: 180 | G36: 5 | H36: تعویضی | I36: 1 | P36: 1
B37: 36 | C37: حسن | D37: شکوهی تبریزی | E37: 53 | F37: 179 | G37: 5 | H37: تعویضی | I37: 1 | P37: 1
B38: 37 | C38: قاسم | D38: حیدری | E38: 53 | F38: 175 | G38: 5 | H38: تعویضی | I38: 1 | P38: 1
B39: 38 | C39: عباس | D39: چراغی | E39: 53 | F39: 172 | G39: 5 | H39: تعویضی | I39: 1 | P39: 1 | Q39: عدم نصب
B40: 39 | C40: رضا | D40: قدیانی | E40: 53 | F40: 170 | G40: 5 | H40: تعویضی | I40: 1 | P40: 1
B41: 40 | C41: سعید | D41: ملکی | E41: 53 | F41: 166 | G41: 5 | H41: تعویضی | I41: 1 | P41: 1
B42: 41 | C42: علی محمد | D42: احمد ایزدی | E42: 53 | F42: 165 | G42: 5 | H42: تعویضی | I42: 1 | P42: 1
B43: 42 | C43: محسن | D43: فتاحی | E43: 53 | F43: 153 | G43: 5 | H43: تعویضی | I43: 1 | P43: 1
B44: 43 | C44: یوسف | D44: نیک فر | E44: 53 | F44: 166 | G44: 6 | H44: ترمیمی | J44: 1
B45: 44 | C45: محمدرضا | D45: قصابان خراسانی | E45: 53 | F45: 171 | G45: 6 | H45: ترمیمی | J45: 1
B46: 45 | C46: مرتضی | D46: کاظمی | E46: 53 | F46: 173 | G46: 7 | H46: ترمیمی | J46: 1
B47: 46 | C47: محسن | D47: خضریان | E47: 53 | F47: 171 | G47: 7 | H47: ترمیمی | J47: 1
B48: 47 | C48: مجید | D48: حسن زاده | E48: 53 | F48: 166 | G48: 7 | H48: ترمیمی | J48: 1
B49: 48 | C49: داوود | D49: معینی جزنی | E49: 53 | F49: 157 | G49: 8 | H49: تعویضی | I49: 1 | P49: 1 | Q49: انجام شد
B50: 49 | C50: علی | D50: همایون | E50: 53 | F50: 181 | G50: 8 | H50: ترمیمی | J50: 1
B51: 50 | C51: محمدتقی | D51: ثقفی | E51: 53 | F51: 181 | G51: 9 | H51: تعویضی | I51: 1 | P51: 1 | Q51: انجام شد
B52: 51 | C52: جواد | D52: احسانی | E52: 53 | F52: 178 | G52: 9 | H52: ترمیمی | J52: 1
B53: 52 | C53: محمد ابراهیم | D53: اسدی | E53: 53 | F53: 177 | G53: 9 | H53: ترمیمی | J53: 1
B54: 53 | C54: هادی | D54: جلیلی بال | E54: 53 | F54: 169 | G54: 9 | H54: ترمیمی | J54: 1
B55: 54 | C55: یدالله | D55: غفاری | E55: 53 | F55: 157 | G55: 10 | H55: ترمیمی | J55: 1
B56: 55 | C56: ستار | D56: صبری | E56: 53 | F56: 162 | G56: 10 | H56: تعویضی | I56: 1 | P56: 1 | Q56: انجام شد
B57: 56 | C57: نصرت الله | D57: رحیم پور | E57: 53 | F57: 170 | G57: 10 | H57: تعویضی | I57: 1 | P57: 1 | Q57: انجام شد
B58: 57 | C58: سید مرتضی | D58: قربانی | E58: 53 | F58: 171 | G58: 10 | H58: تعویضی | I58: 1 | P58: 1 | Q58: انجام شد
B59: 58 | C59: کریم | D59: رضائی | E59: 53 | F59: 178 | G59: 10 | H59: ترمیمی | J59: 1
B60: 59 | C60: اصغر | D60: شفیع زاده | E60: 53 | F60: 180 | G60: 10 | H60: تعویضی | I60: 1 | P60: 1 | Q60: انجام شد
B61: 60 | C61: محمد | D61: میرزا جواد خان | E61: 53 | F61: 181 | G61: 10 | H61: تعویضی | I61: 1 | P61: 1 | Q61: انجام شد
B62: 61 | C62: اسماعیل | D62: مجیدی آهوئی | E62: 53 | F62: 169 | G62: 11 | H62: تعویضی | I62: 1 | P62: 1
B63: 62 | C63: محسن | D63: نورالهی | E63: 53 | F63: 157 | G63: 11 | H63: تعویضی | I63: 1 | P63: 1 | Q63: انجام شد
B64: 63 | C64: عباس | D64: غفارپور | E64: 53 | F64: 151 | G64: 12 | H64: ترمیمی | J64: 1
B65: 64 | C65: سیدمهدی | D65: حسینی کاشانی | E65: 53 | F65: 159 | G65: 12 | H65: ترمیمی | J65: 1
B66: 65 | C66: حمیدرضا | D66: امانی | E66: 53 | F66: 160 | G66: 12 | H66: تعویضی | I66: 1 | P66: 1 | Q66: انجام شد
B67: 66 | C67: ناصر | D67: احمدپور | E67: 53 | F67: 172 | G67: 12 | H67: تعویضی | I67: 1 | P67: 1 | Q67: انجام شد
B68: 67 | C68: داوود | D68: توکلی پسند | E68: 53 | F68: 179 | G68: 12 | H68: تعویضی | I68: 1 | P68: 1 | Q68: انجام شد
B69: 68 | C69: مجتبی | D69: عبدالرحیمی | E69: 53 | F69: 177 | G69: 12 | H69: تعویضی | I69: 1 | P69: 1 | Q69: انجام شد
B70: 69 | C70: علیرضا | D70: عسگری | E70: 53 | F70: 178 | G70: 12 | H70: تعویضی | I70: 1 | P70: 1 | Q70: انجام شد
B71: 70 | C71: حسین | D71: آرش مهر | E71: 53 | F71: 180 | G71: 12 | H71: ترمیمی | I71: 0 | J71: 1 | P71: 0
B72: 71 | C72: علی اکبر | D72: سبیلی | E72: 53 | F72: 173 | G72: 13 | H72: ترمیمی | J72: 1
B73: 72 | C73: رضا | D73: فتحعلی بیک | E73: 53 | F73: 163 | G73: 14 | H73: تعویضی | I73: 1 | P73: 1 | Q73: تصویر شهید با هوش مصنوعی احیا و روی سنگ جدید حک شود
B74: 73 | C74: جعفر | D74: نجاتی | E74: 53 | F74: 164 | G74: 14 | H74: ترمیمی | J74: 1
B75: 74 | C75: مصطفی | D75: باغبانی | E75: 53 | F75: 180 | G75: 14 | H75: تعویضی | I75: 1 | P75: 1
B76: 75 | C76: سعید | D76: گودرزی | E76: 53 | F76: 133 | G76: 10 | H76: تعویضی | I76: 1 | P76: 1
B77: 76 | C77: حسین | D77: اند حسین | E77: 53 | F77: 128 | G77: 11 | H77: تعویضی | I77: 1 | P77: 1
B78: 77 | C78: حسن | D78: کریمی | E78: 53 | F78: 136 | G78: 11 | H78: تعویضی | I78: 1 | P78: 1
B79: 78 | C79: سعید | D79: فرهادی | E79: 53 | F79: 144 | G79: 15 | H79: تعویضی | I79: 1 | P79: 1 | Q79: انجام شد
B80: 79 | C80: منصور | D80: خورسلیم | E80: 53 | F80: 142 | G80: 15 | H80: تعویضی | I80: 1 | P80: 1 | Q80: انجام شد
B81: 80 | C81: غلامرضا | D81: جلیلی بال | E81: 53 | F81: 127 | G81: 16 | H81: تعویضی | I81: 1 | P81: 1
B82: 81 | C82: محمود | D82: آزادی | E82: 53 | F82: 137 | G82: 11 | H82: تعویضی | I82: 1 | P82: 1 | Q82: انجام شد
B83: 82 | C83: علیرضا | D83: اثنی عشری | E83: 53 | F83: 139 | G83: 12 | H83: ترمیمی | J83: 1
B84: 83 | C84: حسین | D84: ارشدی | E84: 53 | F84: 141 | G84: 12 | H84: ترمیمی | J84: 1
B85: 84 | C85: رضا | D85: یزدی سادیانی | E85: 53 | F85: 157 | G85: 13 | H85: ترمیمی | J85: 1
B86: 85 | C86: رضا | D86: شفیعی | E86: 53 | F86: 138 | G86: 14 | H86: ترمیمی | J86: 1
B87: 86 | C87: علیرضا | D87: فقیه میرزائی | E87: 53 | F87: 140 | G87: 14 | H87: ترمیمی | J87: 1
B88: 87 | C88: محمدرضا | D88: افتخاری | E88: 53 | F88: 63 | G88: 7 | H88: تعویضی | I88: 1 | P88: 1
B89: 88 | C89: عربعلی | D89: قابل | E89: 53 | F89: 78 | G89: 8 | H89: تعویضی | I89: 1 | P89: 1
B90: 89 | C90: رضا | D90: نادعلی | E90: 53 | F90: 83 | G90: 53 | H90: تعویضی | I90: 1 | P90: 1
B91: 90 | C91: محمد | D91: متقی | E91: 53 | F91: 76 | G91: 7 | H91: تعویضی | I91: 1 | P91: 1
B92: 91 | C92: محمد | D92: یعقوبی | E92: 53 | F92: 66 | G92: 7 | H92: تعویضی | I92: 1 | P92: 0
B93: 92 | C93: محسن | D93: شریعتی | E93: 53 | F93: 140 | G93: 15 | H93: تعویضی | I93: 1 | P93: 1
B94: 93 | C94: مجید | D94: پاره دوز خوشدل | E94: 53 | F94: 134 | G94: 15 | H94: ترمیمی | J94: 1
B95: 94 | C95: منوچهر | D95: امیرلو | E95: 53 | F95: 175 | G95: 17 | H95: ترمیمی | J95: 1
B96: 95 | C96: علی اکبر | D96: دلشاد | E96: 53 | F96: 77 | G96: 6 | H96: تعویضی | I96: 1 | P96: 1
B97: 96 | C97: سید مجید | D97: میرهادی | E97: 53 | F97: 70 | G97: 6 | H97: تعویضی | I97: 1 | P97: 1
B98: 97 | C98: اکبر | D98: مدنی | E98: 53 | F98: 62 | G98: 6 | H98: تعویضی | I98: 1 | P98: 1
B99: 98 | C99: مهدی | D99: صدرائی | E99: 53 | F99: 143 | G99: 18 | H99: ترمیمی | J99: 1
B100: 99 | C100: علی رضا | D100: قلانی | E100: 53 | F100: 141 | G100: 18 | H100: ترمیمی | J100: 1
...

Sheet عکس دار
B1: ردیف | C1: نام | D1: نام خانوادگی | E1: نام پدر | F1: قطعه | G1: ردیف | H1: شماره | I1: عکس | J1: ارسال به واحد سنگ | K1: چاپ | L1: نصب | M1: توضیحات
B2: 1 | C2: محمود | D2: محسنی سربندی | I2: * | J2: * | K2: *
B3: 2 | C3: رحیم | D3: مختار تجویدی | I3: * | J3: * | K3: *
B4: 3 | C4: سید مهدی | D4: سجادی | I4: * | J4: * | K4: *
B5: 4 | C5: حسین | D5: ترانه | I5: * | J5: * | K5: *
B6: 5 | C6: حسین | D6: مشایخی | I6: * | J6: * | K6: *
B7: 6 | C7: اصغر | D7: صادقی | I7: * | J7: * | K7: *
B8: 7 | C8: حسن | D8: عظیمی | I8: * | J8: * | K8: *
B9: 8 | C9: جواد | D9: سلیمانی | I9: * | J9: * | K9: *
B10: 9 | C10: مهدی | D10: حاجی محمودزاده ممقانی | I10: * | J10: * | K10: *
B11: 10 | C11: اصغر | D11: وایگانی | I11: * | J11: * | K11: *
B12: 11 | C12: داود | D12: غلامی ابقاء | I12: * | J12: * | K12: *
B13: 12 | C13: علی | D13: مرادی | I13: * | J13: * | K13: *
... B18: 17 | C18: محمدمهدی | D18: مطهری خوانساری | I18: * | J18: * | K18: *
B19: 18 | C19: جابر | D19: نجفی مقدم | E19: خداشکر | F19: 29 | G19: 45 | H19: 8 | I19: * | J19: * | K19: *
B20: 19 | C20: غلامرضا | D20: مالکی | I20: * | J20: * | K20: *
B21: 20 | C21: علیرضا | D21: بادفر | I21: * | J21: * | K21: *
B22: 21 | C22: زین العابدین | D22: قمی | I22: * | J22: * | K22: *
B23: 22 | C23: منصور | D23: ورزدار | I23: * | J23: * | K23: *
B24: 23 | C24: جلال | D24: جعفری قشلاق چایی | I24: * | J24: * | K24: *
B25: 24 | C25: سید حسن (امیر) | D25: سید مومنی | E25: سید طاهر | F25: 26 | G25: 53 | H25: 15 | I25: * | J25: * | K25: *
B26: 25 | C26: علی | D26: شهیدزاده | I26: * | J26: * | K26: *
B27: 26 | C27: بهنام | D27: عیسی زاده | I27: * | J27: * | K27: *
B28: 27 | C28: علی | D28: قنبری | I28: * | J28: * | K28: *
B29: 28 | C29: اصغر | D29: مختاری | I29: * | J29: * | K29: *
B30: 29 | C30: محمد | D30: یا سعید زند کریم خانی | E30: هاشم
B31: 30 | C31: حسین | D31: تسبندی | I31: * | J31: * | K31: *
B32: 31 | C32: مجتبی | D32: داودی | I32: * | J32: * | K32: *
B33: 32 | C33: محمدباقر | D33: نجات ثابت | I33: * | J33: * | K33: *
B34: 33 | C34: یعقوب | D34: معظم رازلیقی | I34: * | J34: * | K34: *
B35: 34 | C35: محمد | D35: اکبری نژاد | I35: * | J35: * | K35: *
B36: 35 | C36: ابوالقاسم | D36: امیراحمدی | I36: * | J36: * | K36: *
B37: 36 | C37: علی محمد | D37: جوادی اصل | I37: * | J37: * | K37: *
B38: 37 | C38: محمدرضا | D38: کشفی اصل | I38: * | J38: * | K38: *
B39: 38 | C39: مصطفی | D39: درزی | I39: * | J39: * | K39: *
B40: 39 | C40: سید حسن | D40: رضوی طالمی | I40: * | J40: * | K40: *
B41: 40 | C41: احمد | D41: کشاورز صیفئی
B42: 41 | C42: احمد | D42: عبدالعلیان | I42: * | J42: * | K42: *
B43: 42 | C43: حسن | D43: یگانه | E43: غلام رضا | F43: 53 | K43: *
B44: 43 | C44: محمود | D44: علیان نژاد | I44: * | J44: * | K44: *
B45: 44 | C45: فرض الله | D45: خالقی | I45: * | J45: * | K45: *
B46: 45 | C46: ولی الله | D46: بیات | I46: * | J46: * | K46: *
B47: 46 | C47: سید محمد | D47: موسوی | E47: سید عباس | F47: 53 | M47: عکس از آرشیو
B48: 47 | C48: حاجی اسماعیل | D48: حاتمی | E48: محمدحسین
B49: 48 | C49: رضا | D49: کلاته | I49: * | J49: * | K49: *
B50: 49 | C50: رامین | D50: غیائی فرد | I50: * | J50: * | K50: *
B51: 50 | C51: جمشید | D51: محمدی | E51: محرمعلی | F51: 29 | G51: 18 | H51: 4 | I51: * | J51: * | K51: *
B52: 51 | C52: سید مصطفی | D52: موسوی افخم | I52: * | J52: * | K52: *
B53: 52 | C53: ابوالفضل | D53: عمویی | I53: * | J53: * | K53: *
B54: 53 | C54: ابوالقاسم | D54: استرکی | I54: * | J54: * | K54: *
B55: 54 | C55: حمیدرضا | D55: جلالی قمی | I55: * | J55: * | K55: *
B56: 55 | C56: سید محمد | D56: مجتبی زاده | I56: * | J56: * | K56: *
B57: 56 | C57: مهدی | D57: شیری آقباش | I57: * | J57: * | K57: *
B58: 57 | C58: امیرحسین | D58: رستگار | E58: علیرضا | F58: 27 | G58: 28 مکرر | H58: 6 | I58: * | J58: * | K58: * | M58: آدرس مزار چک شود
B59: 58 | C59: حسن | D59: جلودارزاده | E59: علی | F59: 27 | G59: 38 | H59: 6 | I59: * | J59: * | K59: *
B60: 59 | C60: اکبر | D60: ملکی | E60: علی مراد | F60: 27 | G60: 46 | H60: ت | I60: * | J60: * | K60: *
B61: 60 | C61: احمدرضا | D61: شاطری | E61: حسین | F61: 27 | G61: 57 | H61: 1 | I61: * | J61: * | K61: *
B62: 61 | C62: اسرافیل | D62: آذر پندار | E62: عباس | F62: 53 | G62: 168 | H62: 4
B63: 62 | C63: نصرت اله | D63: رحیم پور | E63: بهمن | F63: 53 | G63: 170 | H63: 10
B64: 63 | C64: ابوالفضل | D64: فتحیان | F64: 53 | G64: 152 | H64: 10
B65: 64 | C65: مجتبی | D65: سرنامی | E65: قربان | F65: 29 | G65: 46 | H65: 3 | K65: *
B66: 65 | C66: مقدم | D66: کردلو | E66: غلامعلی | F66: 40 | G66: 26 | H66: 8
B67: 66 | C67: محمد | D67: طاهری | E67: نصرت اله | F67: 53 | G67: 155 | H67: 6
B68: 67 | C68: علیرضا | D68: عباسیان فرخان | E68: غلامرضا | F68: 40 | G68: 58 | H68: 80
B69: 68 | C69: محبعلی | D69: نباتی | E69: شیخ محمد | F69: 40 | G69: 29 | H69: 9
B70: 69 | C70: داود | D70: الله وردی ضیایی | E70: بیوک | F70: 40 | G70: 50 | H70: 1 | I70: * | J70: * | K70: *
B71: 70 | C71: احمد | D71: داداشی نژاد | E71: علی | F71: 40 | G71: 36 | H71: 6 | I71: * | J71: * | K71: *
B72: 71 | C72: محسن | D72: قاسمی | E72: خلیل اله | F72: 28 | G72: 38 | H72: 10 | I72: * | J72: * | K72: *
B73: 72 | C73: رضا | D73: رحیمی | E73: محمدرضا | F73: 24 | G73: 101 | H73: 1
B74: 73 | C74: اسماعیل | D74: حاتمی | E74: محمدحسین | F74: 53 | G74: 31 | H74: 10
B75: 74 | C75: رئوف | D75: محمدی | E75: غلامعباس | F75: 29 | G75: 20 | H75: 16 | I75: * | J75: * | K75: *
B76: 75 | C76: علی اصغر | D76: مردانی | E76: حسن | F76: 29 | G76: 174 | H76: 9
B77: 76 | C77: محمد باقر | D77: عباسی نسیمی | E77: احمد | F77: 53 | G77: 124 | H77: 17 | I77: * | J77: * | K77: *
B78: 77 | C78: داود | D78: اسماعیلی پور | E78: حسن | F78: 53 | G78: 2 | H78: 4 | I78: * | J78: * | K78: *
B79: 78 | C79: امیر | D79: جان محمدی | E79: محمدعلی | F79: 29 | G79: 79 | H79: 17
B80: 79 | C80: فتاح | D80: یعقوب خانی قیاسوند | E80: ربیع اله | F80: 27 | G80: 56 | H80: 10 | K80: *
B81: 80 | C81: محمد | D81: موسوی | E81: عباس | F81: 53 | G81: 16 | H81: 4
B82: 81 | C82: علیرضا | D82: سلطان محمدی | E82: علی عباس | F82: 26 | G82: 69 | H82: 17 | I82: * | J82: * | K82: *
B83: 82 | C83: سید علی | D83: قلنجی | E83: میرنصیر | F83: 53 | G83: 14 | H83: 6 | I83: * | J83: * | K83: *
B84: 83 | C84: محمد رضا | D84: اقبال | E84: پرامعلی | F84: 29 | G84: 125 | H84: 5 | I84: * | J84: * | K84: *
B85: 84 | C85: قاسم | D85: یگانه | E85: اسد | F85: 29 | G85: 17 | H85: 12
B86: 85 | C86: سعید | D86: ملکی | E86: محمد | F86: 53 | G86: 166 | H86: 5
B87: 86 | C87: حسین | D87: رضا خان نجاد | E87: غلامعلی | F87: 53 | G87: 164 | H87: 5 | I87: * | J87: * | K87: *
B88: 87 | C88: رضا | D88: فتحعلی بیک | E88: محمد باقر | F88: 53 | G88: 163 | H88: 14
B89: 88 | C89: محمد | D89: فروغی | E89: محمد صادق | F89: 53 | G89: 170 | H89: 8
B90: 89 | C90: عباس | D90: جانپناه | E90: موسی | F90: 53 | G90: 135 | H90: 10
B91: 90 | C91: مجید | D91: باقری | E91: رضا | F91: 29 | G91: 72 | H91: 1 | I91: * | J91: * | K91: *
B92: 91 | C92: علی | D92: یاسری نژاد | E92: نبی | F92: 24 | G92: 104 | H92: 9 | I92: * | J92: * | K92: *
B93: 92 | C93: قیس | D93: دانا | E93: احمد | F93: 53 | G93: 157 | H93: 5 | I93: * | J93: * | K93: *
B94: 93 | C94: ابولفضل | D94: فتحیان | F94: 53 | G94: 152 | H94: 10
B95: 94 | C95: حسین | D95: آرش مهر | E95: احمد | F95: 53 | G95: 180 | H95: 12 | I95: * | J95: * | K95: * | M95: اسم اشتباه خورده است
B96: 95 | C96: رجبعلی | D96: بکشلو | E96: غلامرضا | F96: 53 | G96: 154 | H96: 8 | I96: * | J96: * | K96: *
B97: 96 | C97: جعفر | D97: صالحی | E97: رضا | F97: 24 | G97: 116 | H97: 42 | I97: * | J97: * | K97: *
B98: 97 | C98: محمد | D98: خواستار | F98: 24 | G98: 78 | H98: 39 | I98: * | J98: * | K98: *
B99: 98 | C99: حسین | D99: شریعت خواه | E99: احمد | F99: 40 | G99: 35 | H99: 4
B100: 99 | C100: احمد | D100: کشاورز | E100: عبداله | F100: 40 | G100: 60 | H100: 4
B101: 100 | C101: حسین | D101: یگانه | E101: غلامرضا | F101: 53 | G101: 92 | H101: 15
B102: 101 | C102: احمد | D102: زندکریمخانی | E102: هاشم | F102: 29 | G102: 5 | H102: 5
B103: 102 | C103: قاسم م | D103: قاری | E103: حاج رحیم | F103: 40 | G103: 65 | H103: 6 | K103: *
B104: 103 | C104: مصطفی | D104: حمزه ای | E104: حجت الله | F104: 40 | G104: 62 | H104: 6 | M104: عکس از آرشیو
...

Sheet آمار
B2: آمار | C2: کل سنگ قطعه | D2: آمار تعویض سنگ‌ها | G2: آمار ترمیم سنگ‌ها | J2: درصد آسیب دیدگی به نسبت کل قطعه | K2: جمع کل آسیب دیدها
B3: قطعه | C3: تعداد | D3: قابل تعویض | E3: تعویض شده | F3: باقی مانده | G3: قابل ترمیم | H3: ترمیم شده | I3: باقی مانده | J3: درصدآسیب قطعه | K3: کل قابل تعویض و ترمیم | L3: کل تعویض و ترمیم شده | M3: کل باقی مانده
B4: 24 | C4: 6100 | D4: 281 | E4: ='قطعه 24'!P599 -> 166 | F4: =D4-E4 -> 115 | G4: ='قطعه 24'!J599 -> 316 | H4: ='قطعه 24'!M599 -> 120 | I4: =G4-H4 -> 196 | J4: =K4/C4 -> 0.097868852 | K4: =D4+G4 -> 597 | L4: =E4+H4 -> 286 | M4: =F4+I4 -> 311
B5: 26 | C5: 4514 | D5: 170 | E5: ='قطعه 26'!P367 -> 158 | F5: =D5-E5 -> 12 | G5: ='قطعه 26'!J367 -> 143 | H5: ='قطعه 26'!M367 -> 132 | I5: =G5-H5 -> 11 | J5: =K5/C5 -> 0.069339832 | K5: =D5+G5 -> 313 | L5: =E5+H5 -> 290 | M5: =F5+I5 -> 23
B6: 27 | C6: 3177 | D6: ='قطعه 27'!I325 -> 280 | E6: ='قطعه 27'!P325 -> 235 | F6: =D6-E6 -> 45 | G6: ='قطعه 27'!J325 -> 43 | H6: =SUM('قطعه 27'!M325) -> 1 | I6: =G6-H6 -> 42 | J6: =K6/C6 -> 0.10166824 | K6: =D6+G6 -> 323 | L6: =E6+H6 -> 236 | M6: =F6+I6 -> 87
B7: 28 | C7: 3523 | D7: ='قطعه 28'!I515 -> 286 | E7: ='قطعه 28'!P515 -> 230 | F7: =D7-E7 -> 56 | G7: ='قطعه 28'!J515 -> 203 | H7: =SUM('قطعه 28'!M515) -> 135 | I7: =G7-H7 -> 68 | J7: =K7/C7 -> 0.13880216 | K7: =D7+G7 -> 489 | L7: =E7+H7 -> 365 | M7: =F7+I7 -> 124
B8: 29 | C8: 2743 | D8: ='قطعه 29'!I417 -> 226 | E8: ='قطعه 29'!P417 -> 174 | F8: =D8-E8 -> 52 | G8: ='قطعه 29'!J417 -> 188 | H8: =SUM('قطعه 29'!M417) -> 184 | I8: =G8-H8 -> 4 | J8: =K8/C8 -> 0.15092964 | K8: =D8+G8 -> 414 | L8: =E8+H8 -> 358 | M8: =F8+I8 -> 56
B9: 40 | C9: 2948 | D9: ='قطعه 40'!I210 -> 133 | E9: ='قطعه 40'!P210 -> 81 | F9: =D9-E9 -> 52 | G9: ='قطعه 40'!J210 -> 75 | H9: ='قطعه 40'!M210 -> 30 | I9: =G9-H9 -> 45 | J9: =K9/C9 -> 0.070556309 | K9: =D9+G9 -> 208 | L9: =E9+H9 -> 111 | M9: =F9+I9 -> 97
B10: 53 | C10: 3092 | D10: ='قطعه 53'!I555 -> 359 | E10: ='قطعه 53'!P555 -> 342 | F10: =D10-E10 -> 17 | G10: ='قطعه 53'!J555 -> 193 | H10: 7 | I10: =G10-H10 -> 186 | J10: =K10/C10 -> 0.17852523 | K10: =D10+G10 -> 552 | L10: =E10+H10 -> 349 | M10: =F10+I10 -> 203
B11: جمع | C11: =SUM(C4:C10) -> 26097 | D11: =SUM(D4:D10) -> 1735 | E11: =SUM(E4:E10) -> 1386 | F11: =SUM(F4:F10) -> 349 | G11: =SUM(G4:G10) -> 1161 | H11: =SUM(H4:H10) -> 609 | I11: =SUM(I4:I10) -> 552 | J11: =K11/C11 -> 0.11097061 | K11: =SUM(K4:K10) -> 2896 | L11: =SUM(L4:L10) -> 1995 | M11: =SUM(M4:M10) -> 901
